Features,Scores
lowlevel.erbbands.median[26].accompaniment,110.61492530112825
lowlevel.spectral_rolloff.kurt.accompaniment,56.74462962208667
tonal.thpcp[3].accompaniment,42.658137603321194
lowlevel.dissonance.var.accompaniment,39.68334271693617
tonal.thpcp[18].accompaniment,33.453811093257535
rhythm.beats_loudness_band_ratio.var[1].vocal,31.4042930167388
rhythm.beats_loudness_band_ratio.kurt[1].vocal,30.917294698813592
rhythm.beats_loudness_band_ratio.max[3].accompaniment,29.64499704212944
tonal.thpcp[33].accompaniment,28.707053875388937
lowlevel.melbands128.kurt[10].vocal,28.576903998419258
tonal.hpcp.dmean2[13].accompaniment,27.376801389954178
tonal.hpcp.dmean2[19].accompaniment,26.280965502070536
tonal.tuning_equal_tempered_deviation.accompaniment,26.165542460241547
tonal.hpcp.dvar2[5].accompaniment,25.475839917848777
rhythm.beats_loudness_band_ratio.kurt[2].vocal,24.701935733412586
tonal.key_temperley.scale.original,24.25045045045045
lowlevel.silence_rate_30dB.min.original,24.219354838709677
rhythm.beats_loudness_band_ratio.median[2].vocal,23.274459525731853
tonal.hpcp.dvar2[9].accompaniment,23.065943434239287
tonal.hpcp.dmean2[28].accompaniment,22.89517268141977
tonal.hpcp.dmean2[35].accompaniment,21.87064777821142
lowlevel.gfcc.dvar[8].vocal,21.243610279225734
lowlevel.melbands.skew[31].original,21.06178565490091
lowlevel.spectral_contrast_coeffs.var[5].original,21.040059299139248
lowlevel.melbands128.skew[74].original,20.852329745360976
lowlevel.spectral_entropy.kurt.accompaniment,20.763062464063776
lowlevel.melbands128.skew[82].accompaniment,20.63230815057749
lowlevel.melbands128.skew[80].accompaniment,20.621742048192406
lowlevel.dissonance.kurt.accompaniment,20.615717693233705
lowlevel.melbands128.skew[75].accompaniment,19.789449879159502
rhythm.beats_loudness_band_ratio.kurt[6].original,19.711236664813498
rhythm.beats_loudness_band_ratio.median[6].vocal,19.55629216365041
lowlevel.barkbands_spread.kurt.accompaniment,19.346407034693136
lowlevel.silence_rate_30dB.min.vocal,19.285714285714285
tonal.thpcp[26].accompaniment,18.902897603702076
lowlevel.melbands128.skew[72].accompaniment,18.647428472152107
lowlevel.melbands128.skew[85].accompaniment,18.004034611897847
lowlevel.melbands.kurt[37].accompaniment,17.806580015569025
lowlevel.spectral_contrast_coeffs.dvar2[1].vocal,17.76203606212761
rhythm.beats_loudness_band_ratio.var[2].original,17.609281466960525
lowlevel.silence_rate_60dB.var.original,17.576665708723464
lowlevel.gfcc.kurt[4].accompaniment,17.55118519709407
rhythm.beats_loudness_band_ratio.max[6].accompaniment,17.334848596471417
rhythm.beats_loudness_band_ratio.skew[6].accompaniment,17.331647440768098
lowlevel.melbands128.skew[53].accompaniment,17.064886946828267
rhythm.beats_loudness_band_ratio.dmean[5].vocal,17.00955616317914
tonal.thpcp[4].vocal,16.857995271289788
tonal.thpcp[34].vocal,16.616318606956945
lowlevel.melbands128.skew[69].accompaniment,16.582600531874718
rhythm.beats_loudness_band_ratio.kurt[5].accompaniment,16.46278183685111
lowlevel.erbbands.mean[8].accompaniment,16.447318759347105
tonal.hpcp.median[14].original,16.35486484144901
lowlevel.gfcc.kurt[3].accompaniment,16.349985356442907
lowlevel.melbands128.skew[64].original,16.323010683987057
tonal.hpcp.median[12].original,16.318355351010254
lowlevel.melbands128.skew[60].accompaniment,16.25450227375733
lowlevel.melbands128.skew[65].accompaniment,16.231049893973506
lowlevel.melbands128.skew[71].accompaniment,16.143626645739154
lowlevel.melbands128.skew[67].original,15.950097715210967
lowlevel.melbands128.skew[67].accompaniment,15.926497620696946
lowlevel.melbands128.kurt[90].accompaniment,15.646511490065539
lowlevel.spectral_contrast_coeffs.max[3].original,15.606729985669446
lowlevel.melbands128.skew[68].accompaniment,15.53634294381912
lowlevel.melbands128.skew[63].accompaniment,15.501560306048685
tonal.hpcp.median[21].vocal,15.377596775934657
tonal.hpcp.dmean[23].vocal,15.224428370130514
lowlevel.loudness_ebu128.momentary.min.vocal,15.18280428257061
lowlevel.melbands128.skew[66].original,15.046182498642255
lowlevel.barkbands.max[6].accompaniment,14.94264950030288
tonal.thpcp[9].accompaniment,14.794832726930387
lowlevel.loudness_ebu128.loudness_range.original,14.794464764801937
tonal.thpcp[2].accompaniment,14.659275712083362
tonal.hpcp.dmean[27].vocal,14.605384673469707
lowlevel.melbands128.skew[62].original,14.4751830080379
lowlevel.barkbands.skew[18].original,14.29557476915768
lowlevel.erbbands.mean[9].accompaniment,14.248955307353828
lowlevel.spectral_contrast_coeffs.kurt[5].original,14.06549200327025
lowlevel.barkbands.mean[5].vocal,13.998313960204028
lowlevel.melbands128.skew[54].accompaniment,13.911398908150362
lowlevel.melbands128.skew[65].original,13.820152495471532
tonal.key_edma.scale.vocal,13.670103092783506
lowlevel.spectral_contrast_coeffs.min[3].vocal,13.60963329679046
tonal.hpcp.median[24].original,13.54925117798406
tonal.hpcp.median[29].original,13.541592929398377
lowlevel.gfcc.max[9].vocal,13.48679966117827
rhythm.beats_loudness_band_ratio.dvar2[4].vocal,13.417434450716204
lowlevel.gfcc.var[13].original,13.375558565462798
lowlevel.erbbands_crest.kurt.original,12.774240553537325
lowlevel.spectral_complexity.dvar.vocal,12.769759273631536
lowlevel.erbbands_kurtosis.median.accompaniment,12.750966176029287
lowlevel.melbands128.skew[55].accompaniment,12.60278996187129
tonal.thpcp[2].original,12.473406588159563
tonal.hpcp.median[18].original,12.36944814140521
lowlevel.erbbands_kurtosis.max.original,12.22221322015903
tonal.thpcp[12].accompaniment,12.174681426729087
lowlevel.melbands128.skew[56].accompaniment,12.160988517421382
lowlevel.spectral_energyband_low.median.original,12.131724468812584
lowlevel.spectral_flux.kurt.original,12.009287733916533
lowlevel.barkbands.mean[6].original,11.935418847837646
lowlevel.spectral_contrast_coeffs.kurt[6].original,11.88744901044113
lowlevel.barkbands_crest.min.accompaniment,11.790545797347269
lowlevel.spectral_contrast_coeffs.mean[6].accompaniment,11.767723018268832
lowlevel.erbbands.dmean[19].vocal,11.616094261264042
lowlevel.melbands128.max[13].accompaniment,11.589706697763951
lowlevel.spectral_contrast_coeffs.var[1].vocal,11.579033940992849
lowlevel.melbands128.skew[57].accompaniment,11.393543684120138
lowlevel.melbands128.median[7].original,11.370684731269794
lowlevel.mfcc.var[4].vocal,11.354747594153208
lowlevel.spectral_energyband_middle_high.dmean2.vocal,11.30114904692509
tonal.thpcp[14].accompaniment,11.26132775036597
lowlevel.melbands128.skew[91].original,11.183443201168297
lowlevel.erbbands.var[8].original,11.166169174077403
lowlevel.melbands128.skew[53].original,11.100898451328126
lowlevel.zerocrossingrate.min.vocal,11.068455353788554
lowlevel.melbands128.kurt[92].original,11.020685814362876
lowlevel.mfcc.min[6].original,10.994344507667055
lowlevel.melbands128.skew[56].original,10.832256248455431
lowlevel.mfcc.max[12].vocal,10.732722447294591
lowlevel.spectral_contrast_valleys.dmean[5].accompaniment,10.721421649546695
tonal.thpcp[32].accompaniment,10.701065055098148
lowlevel.gfcc.var[7].vocal,10.645108772705012
lowlevel.melbands128.skew[58].original,10.589907525644508
lowlevel.erbbands.var[9].original,10.469785068331548
lowlevel.spectral_contrast_valleys.var[1].vocal,10.468566561998212
lowlevel.spectral_flux.kurt.accompaniment,10.44359481258453
lowlevel.loudness_ebu128.short_term.median.original,10.373153029053809
lowlevel.dissonance.min.vocal,10.31807138535876
lowlevel.erbbands.max[11].accompaniment,10.304530056158828
lowlevel.melbands.kurt[27].vocal,10.298670363799273
lowlevel.dissonance.kurt.original,10.201985656720009
lowlevel.barkbands.mean[7].original,10.154289506068379
lowlevel.erbbands.kurt[38].accompaniment,10.099865972661826
rhythm.onset_rate.accompaniment,9.975701789107163
lowlevel.mfcc.var[8].vocal,9.96809974467504
lowlevel.erbbands.dmean2[5].vocal,9.94894430109411
tonal.thpcp[6].accompaniment,9.89233904917064
rhythm.beats_loudness_band_ratio.kurt[5].original,9.87967216331427
lowlevel.erbbands.median[20].vocal,9.569658990787596
lowlevel.barkbands.max[9].accompaniment,9.492277223701663
lowlevel.melbands128.skew[55].original,9.459735646964614
lowlevel.melbands128.skew[48].accompaniment,9.337837953958038
tonal.thpcp[19].vocal,9.328580861813514
rhythm.beats_loudness_band_ratio.var[6].vocal,9.326565750719926
lowlevel.erbbands_flatness_db.mean.vocal,9.30567462418489
lowlevel.barkbands.max[6].original,9.291523649491566
lowlevel.melbands128.kurt[63].vocal,9.229070113074396
tonal.hpcp.kurt[33].accompaniment,9.215120797237764
lowlevel.spectral_contrast_coeffs.median[6].vocal,9.0192125973254
lowlevel.mfcc.min[4].vocal,8.954626626690505
lowlevel.erbbands.dmean2[16].vocal,8.951459174298524
lowlevel.barkbands.skew[15].original,8.863144534084277
lowlevel.melbands128.skew[111].accompaniment,8.839707710605047
tonal.thpcp[8].accompaniment,8.834016348549662
tonal.thpcp[27].original,8.810341975761053
tonal.hpcp.median[27].original,8.803063455677968
lowlevel.barkbands_crest.min.vocal,8.799919632218955
rhythm.beats_loudness_band_ratio.median[4].vocal,8.79038733309527
lowlevel.loudness_ebu128.short_term.kurt.original,8.722007202704638
lowlevel.melbands128.skew[42].accompaniment,8.664059509766966
lowlevel.melbands128.skew[104].accompaniment,8.610052825256586
tonal.hpcp.kurt[14].accompaniment,8.607053558728957
lowlevel.melbands128.skew[54].original,8.589712339839997
tonal.hpcp.dmean[5].vocal,8.550100687735846
tonal.chords_histogram[10].original,8.545569603616638
lowlevel.mfcc.var[9].original,8.476981316943396
lowlevel.hfc.skew.original,8.424333576088145
lowlevel.mfcc.var[1].vocal,8.372021207874994
tonal.thpcp[29].accompaniment,8.370272084086576
lowlevel.spectral_energyband_middle_high.skew.accompaniment,8.338172612647597
lowlevel.melbands128.max[21].original,8.305060536827463
lowlevel.melbands128.skew[57].original,8.298241755793313
lowlevel.spectral_contrast_coeffs.kurt[5].accompaniment,8.262006101634002
lowlevel.barkbands.skew[12].accompaniment,8.213058115858695
lowlevel.erbbands_crest.kurt.accompaniment,8.212174165835822
lowlevel.melbands128.skew[47].accompaniment,8.116906631798331
lowlevel.melbands128.skew[19].vocal,8.087740413497434
tonal.hpcp.median[2].original,8.070041555937609
lowlevel.melbands.kurt[29].vocal,8.065245345040816
lowlevel.loudness_ebu128.momentary.kurt.original,8.059261010935444
lowlevel.barkbands_skewness.dmean.vocal,7.962547791245765
lowlevel.mfcc.max[3].original,7.957464720673888
lowlevel.melbands.skew[17].accompaniment,7.937658526231305
tonal.hpcp.median[36].original,7.936088444928778
lowlevel.spectral_strongpeak.var.original,7.902437936559925
lowlevel.gfcc.kurt[4].original,7.876731257793805
lowlevel.melbands128.skew[45].original,7.782635831572765
tonal.hpcp.median[21].accompaniment,7.771273880809607
tonal.chords_changes_rate.vocal,7.759342492691311
tonal.hpcp.median[35].original,7.7236453263104625
tonal.hpcp.median[26].original,7.7189068205970885
lowlevel.mfcc.var[3].vocal,7.714284078295094
lowlevel.spectral_entropy.min.vocal,7.703799614330162
tonal.hpcp.kurt[28].accompaniment,7.579974008457862
lowlevel.gfcc.var[9].vocal,7.5754170816368624
lowlevel.mfcc.max[10].vocal,7.555939031454954
tonal.hpcp.kurt[5].accompaniment,7.529004903956493
tonal.thpcp[30].accompaniment,7.521458471328467
tonal.thpcp[26].vocal,7.486390904929014
rhythm.beats_loudness_band_ratio.max[4].accompaniment,7.449222977755779
lowlevel.melbands128.skew[103].accompaniment,7.3795357697141934
lowlevel.mfcc.var[7].vocal,7.351886219138172
tonal.thpcp[29].vocal,7.3046772708177965
tonal.hpcp.kurt[22].accompaniment,7.267579287907086
lowlevel.barkbands_kurtosis.median.original,7.263552829972227
tonal.chords_scale.original,7.192452830188679
tonal.hpcp.median[33].original,7.188107870259895
tonal.hpcp.kurt[34].accompaniment,7.176607329911863
lowlevel.spectral_strongpeak.dmean2.vocal,7.161006184142645
lowlevel.erbbands.mean[4].vocal,7.121660818998782
lowlevel.gfcc.var[3].original,7.1099550053299145
rhythm.beats_loudness_band_ratio.min[1].original,7.104351207911021
lowlevel.mfcc.var[6].original,7.10415146296967
tonal.thpcp[36].accompaniment,7.080970792419004
tonal.hpcp.median[20].original,7.052066854460011
lowlevel.mfcc.max[11].vocal,7.041423543392627
tonal.hpcp.median[17].original,7.038212491585259
lowlevel.spectral_energyband_middle_high.skew.original,7.019309448671995
lowlevel.erbbands.dmean2[13].vocal,7.019030022457948
lowlevel.mfcc.max[9].vocal,6.999045912534946
lowlevel.melbands_spread.dmean.vocal,6.994382837349022
tonal.thpcp[12].vocal,6.945238385000172
lowlevel.melbands.skew[16].accompaniment,6.936376473945241
rhythm.beats_loudness_band_ratio.kurt[3].original,6.913367289070694
lowlevel.melbands128.skew[18].vocal,6.897858266521489
lowlevel.barkbands.dmean2[9].vocal,6.884713711747355
tonal.tuning_equal_tempered_deviation.vocal,6.792127917369946
tonal.key_temperley.strength.original,6.782792803061427
lowlevel.erbbands.dvar[19].vocal,6.757157939354625
rhythm.danceability.original,6.739054768855677
lowlevel.barkbands_crest.min.original,6.721442108402737
lowlevel.mfcc.max[8].vocal,6.712333682547876
lowlevel.gfcc.min[3].vocal,6.711910601429841
lowlevel.dissonance.mean.vocal,6.699685679779971
rhythm.beats_loudness_band_ratio.max[5].accompaniment,6.688601694160362
tonal.hpcp.median[23].original,6.657220309570324
lowlevel.melbands128.skew[32].accompaniment,6.597185728032892
lowlevel.gfcc.median[6].vocal,6.582880664973101
lowlevel.erbbands.var[13].accompaniment,6.576967674408024
tonal.chords_histogram[10].accompaniment,6.531776763181808
tonal.hpcp.kurt[1].accompaniment,6.522237948209668
lowlevel.gfcc.min[2].vocal,6.5144303061351785
tonal.hpcp.kurt[18].accompaniment,6.510001527683697
lowlevel.erbbands_crest.min.original,6.483535865039883
lowlevel.melbands128.max[17].original,6.481407303978212
lowlevel.gfcc.kurt[1].vocal,6.470362817346394
lowlevel.gfcc.max[12].vocal,6.46543911312283
lowlevel.barkbands.skew[9].accompaniment,6.448234903782488
rhythm.beats_loudness_band_ratio.dvar[4].original,6.437028569326499
lowlevel.melbands128.skew[38].accompaniment,6.436340355224497
lowlevel.mfcc.kurt[4].accompaniment,6.398020338989643
lowlevel.erbbands.mean[12].accompaniment,6.376327752550246
tonal.hpcp.kurt[19].accompaniment,6.34497986267821
lowlevel.spectral_energy.max.accompaniment,6.341733461842248
lowlevel.erbbands.median[5].vocal,6.329722013631587
lowlevel.silence_rate_30dB.kurt.vocal,6.271850571256286
lowlevel.mfcc.min[8].original,6.245430720814397
lowlevel.melbands128.max[19].original,6.242888753540687
lowlevel.silence_rate_60dB.median.vocal,6.176220806794055
lowlevel.barkbands.max[11].accompaniment,6.172876548797494
lowlevel.melbands128.max[27].accompaniment,6.114692772788775
lowlevel.spectral_contrast_coeffs.dvar2[6].vocal,6.10907948669673
lowlevel.gfcc.min[8].original,6.084216195871084
lowlevel.spectral_energyband_middle_low.median.vocal,6.03905883823356
lowlevel.mfcc.min[9].original,6.017973007673032
lowlevel.spectral_contrast_valleys.dvar2[6].original,5.991060436636736
rhythm.beats_loudness.skew.original,5.944172550637568
lowlevel.erbbands.dmean2[20].vocal,5.933179107140615
tonal.hpcp.median[3].original,5.917513848572174
lowlevel.erbbands.median[26].vocal,5.9117165000834575
tonal.chords_histogram[8].original,5.909841910857021
lowlevel.spectral_energyband_middle_low.max.accompaniment,5.881796349970803
lowlevel.gfcc.max[11].accompaniment,5.862534301108025
tonal.hpcp.kurt[8].accompaniment,5.827061245063259
lowlevel.spectral_energyband_middle_low.mean.accompaniment,5.770584973014699
rhythm.beats_loudness_band_ratio.kurt[2].original,5.767779659036258
lowlevel.melbands.skew[17].original,5.761515730805431
lowlevel.erbbands_crest.min.accompaniment,5.746432470827285
lowlevel.gfcc.max[12].accompaniment,5.738717192779266
lowlevel.mfcc.min[4].original,5.736926870348521
lowlevel.spectral_contrast_coeffs.mean[1].accompaniment,5.7163427928419495
lowlevel.erbbands.median[7].vocal,5.705114551432399
lowlevel.melbands128.kurt[75].vocal,5.668331868693064
lowlevel.gfcc.max[7].vocal,5.65647511495134
tonal.hpcp.kurt[20].accompaniment,5.622360178263985
lowlevel.gfcc.skew[4].original,5.601374549554695
lowlevel.melbands128.skew[20].vocal,5.599057163793261
lowlevel.gfcc.max[8].vocal,5.557172639666174
lowlevel.spectral_kurtosis.min.vocal,5.471256500117006
lowlevel.mfcc.var[9].vocal,5.462136918961548
lowlevel.erbbands.dvar2[23].original,5.450636075504203
lowlevel.erbbands.mean[8].vocal,5.419706610849543
tonal.hpcp.median[11].original,5.415363799613475
tonal.hpcp.kurt[9].accompaniment,5.399776218213894
tonal.thpcp[36].original,5.374990089051888
lowlevel.melbands128.max[24].original,5.369744265668445
lowlevel.gfcc.var[8].vocal,5.358334377407958
lowlevel.erbbands_flatness_db.max.vocal,5.35646265068753
tonal.hpcp.median[8].original,5.346744487807497
lowlevel.barkbands.dmean2[11].vocal,5.340010186002754
tonal.hpcp.kurt[32].accompaniment,5.31791796400095
lowlevel.barkbands.skew[13].original,5.260576019221244
tonal.tuning_frequency.vocal,5.203941790618914
rhythm.beats_loudness_band_ratio.min[2].original,5.192875187934204
tonal.hpcp_entropy.skew.accompaniment,5.175145097664618
lowlevel.gfcc.var[8].original,5.1628782378612
tonal.thpcp[21].accompaniment,5.144917808955122
lowlevel.gfcc.min[6].accompaniment,5.143564847581795
lowlevel.melbands128.skew[34].accompaniment,5.1306532116566
lowlevel.zerocrossingrate.median.vocal,5.111917072896842
lowlevel.erbbands.dmean[23].vocal,5.111564635364336
lowlevel.loudness_ebu128.short_term.kurt.accompaniment,5.095141725648035
lowlevel.mfcc.min[8].accompaniment,5.094676619204839
lowlevel.hfc.skew.accompaniment,4.971023884009249
lowlevel.gfcc.max[4].accompaniment,4.963878667876662
lowlevel.barkbands.max[12].accompaniment,4.909123136028454
lowlevel.spectral_energy.dmean2.vocal,4.8161367755509605
tonal.hpcp.kurt[12].accompaniment,4.796857249893286
tonal.chords_histogram[3].accompaniment,4.755094389235076
tonal.hpcp.kurt[3].accompaniment,4.752906697291783
lowlevel.erbbands.median[32].vocal,4.709632480067287
lowlevel.mfcc.max[6].vocal,4.65019803716722
lowlevel.erbbands.var[25].original,4.640346755398497
lowlevel.barkbands.dmean2[10].original,4.593169385158282
lowlevel.spectral_complexity.kurt.original,4.575897868734805
lowlevel.erbbands.median[28].vocal,4.553207388166048
lowlevel.mfcc.var[10].vocal,4.520989286176771
tonal.thpcp[17].accompaniment,4.502081844329959
tonal.hpcp.median[5].original,4.47552909271678
lowlevel.mfcc.kurt[4].original,4.474553590968717
tonal.hpcp.kurt[30].accompaniment,4.451642923065323
lowlevel.melbands128.skew[119].original,4.446026040712025
lowlevel.melbands128.skew[27].accompaniment,4.418238235297328
lowlevel.mfcc.min[12].original,4.404803275607531
tonal.thpcp[23].accompaniment,4.382946661349334
lowlevel.spectral_contrast_coeffs.kurt[2].original,4.3773864750220985
lowlevel.gfcc.max[11].original,4.3724605000634575
lowlevel.dissonance.kurt.vocal,4.36705222692094
lowlevel.barkbands.skew[10].accompaniment,4.336979173058803
tonal.key_temperley.strength.vocal,4.328124047843364
lowlevel.melbands128.kurt[61].vocal,4.323319321079615
lowlevel.spectral_skewness.kurt.original,4.322845739045796
lowlevel.melbands128.kurt[39].original,4.278595168488045
tonal.chords_histogram[1].accompaniment,4.276304883463438
lowlevel.barkbands.dmean2[13].vocal,4.2591723755250985
lowlevel.spectral_contrast_coeffs.max[1].accompaniment,4.251599856451902
lowlevel.erbbands.dvar2[32].vocal,4.240536928568714
lowlevel.mfcc.kurt[1].vocal,4.239762105991668
lowlevel.spectral_strongpeak.kurt.original,4.238649838209562
lowlevel.melbands.skew[12].accompaniment,4.2088408183112005
lowlevel.barkbands_kurtosis.min.accompaniment,4.199281363980528
lowlevel.mfcc.min[10].original,4.180560806795855
lowlevel.melbands128.kurt[54].vocal,4.169220482556039
lowlevel.erbbands.mean[9].vocal,4.161925450076049
lowlevel.mfcc.max[13].original,4.152653430951891
tonal.hpcp.kurt[26].accompaniment,4.138806394663513
lowlevel.melbands128.kurt[76].vocal,4.115048482764001
lowlevel.erbbands.median[9].vocal,4.1132013544909105
lowlevel.spectral_energyband_middle_low.max.original,4.086806149217615
lowlevel.erbbands_flatness_db.skew.accompaniment,4.076956410360822
tonal.chords_strength.dvar2.vocal,4.06399730775727
lowlevel.barkbands_kurtosis.dvar.vocal,4.031858614179341
tonal.hpcp.kurt[25].accompaniment,4.0229366311287125
tonal.hpcp_entropy.kurt.accompaniment,4.000615527714859
lowlevel.gfcc.max[13].accompaniment,3.989940167553258
lowlevel.spectral_contrast_coeffs.max[4].vocal,3.9605081945494534
lowlevel.erbbands.var[17].original,3.959702604896681
lowlevel.mfcc.var[11].vocal,3.931318994683782
lowlevel.gfcc.max[10].vocal,3.902831863279243
lowlevel.melbands128.kurt[104].vocal,3.8975450536668563
rhythm.beats_loudness_band_ratio.dvar2[3].vocal,3.860096210776436
tonal.chords_histogram[16].original,3.852931355142077
lowlevel.melbands128.skew[42].original,3.844732275498541
lowlevel.erbbands.median[9].original,3.8228164423451685
tonal.chords_histogram[12].original,3.8206622260918737
lowlevel.melbands.kurt[2].accompaniment,3.816895163266798
rhythm.beats_loudness_band_ratio.kurt[4].accompaniment,3.8124597257694983
lowlevel.melbands128.kurt[1].original,3.8003588362884724
lowlevel.spectral_contrast_coeffs.kurt[4].accompaniment,3.797895213728061
lowlevel.mfcc.max[12].accompaniment,3.7745029314926457
lowlevel.erbbands.dmean2[12].original,3.7587750989773543
lowlevel.spectral_flux.kurt.vocal,3.705688656981014
lowlevel.mfcc.kurt[3].accompaniment,3.7016894480263156
tonal.hpcp_crest.kurt.vocal,3.693001815716026
lowlevel.spectral_kurtosis.kurt.accompaniment,3.689511788028479
lowlevel.erbbands.var[13].original,3.6844100002832083
lowlevel.mfcc.mean[12].original,3.6786108873744827
lowlevel.barkbands.max[11].original,3.6739115528291713
lowlevel.melbands128.skew[55].vocal,3.6553854263302625
tonal.hpcp.var[31].accompaniment,3.6438464345013126
rhythm.beats_loudness_band_ratio.kurt[6].vocal,3.630351658834427
lowlevel.spectral_centroid.min.vocal,3.604988747128921
lowlevel.gfcc.var[11].vocal,3.6025673180959865
lowlevel.erbbands.var[31].vocal,3.5624093615383026
lowlevel.mfcc.min[9].accompaniment,3.5531891052315157
lowlevel.erbbands.mean[28].vocal,3.5354949264504385
lowlevel.melbands128.max[50].original,3.5144404268211535
tonal.hpcp.kurt[10].accompaniment,3.4781988926880656
lowlevel.melbands128.max[34].original,3.473702763295716
lowlevel.spectral_rolloff.min.vocal,3.4538988971689206
lowlevel.erbbands.var[10].vocal,3.4388175612994365
lowlevel.melbands.kurt[22].vocal,3.428040270725945
tonal.chords_histogram[6].accompaniment,3.4244267312168626
lowlevel.melbands128.skew[38].original,3.399971731069676
lowlevel.mfcc.min[6].accompaniment,3.375819400437147
lowlevel.gfcc.min[8].accompaniment,3.3607911380778703
lowlevel.erbbands_skewness.kurt.vocal,3.35920153922319
tonal.chords_histogram[3].original,3.3467697098362903
lowlevel.melbands.kurt[1].original,3.3458215659259833
tonal.thpcp[17].original,3.3430791040425483
lowlevel.erbbands_flatness_db.kurt.accompaniment,3.335804323224794
lowlevel.erbbands.kurt[15].vocal,3.3317900013157393
rhythm.beats_loudness.min.original,3.3259403648976296
lowlevel.erbbands.skew[37].vocal,3.324876298048136
tonal.hpcp.kurt[23].vocal,3.3226909500725252
tonal.hpcp.median[30].original,3.3173439446147794
lowlevel.melbands128.kurt[5].vocal,3.302987748481981
lowlevel.mfcc.max[4].vocal,3.3019270655816406
lowlevel.erbbands.dmean2[11].vocal,3.298470093002682
lowlevel.erbbands.skew[1].vocal,3.277732980692841
lowlevel.melbands128.kurt[2].original,3.274460343870314
lowlevel.mfcc.min[11].accompaniment,3.2716310637002914
lowlevel.gfcc.var[10].vocal,3.2711070675112595
lowlevel.barkbands.dmean2[14].vocal,3.267264315613293
rhythm.beats_loudness_band_ratio.min[2].accompaniment,3.2656618611034136
lowlevel.mfcc.kurt[5].accompaniment,3.264968202438628
tonal.hpcp.kurt[3].original,3.256613251446466
tonal.hpcp.kurt[16].accompaniment,3.249031423805762
lowlevel.melbands128.max[58].original,3.2383326593660517
lowlevel.mfcc.var[6].vocal,3.2367564178201613
tonal.hpcp.kurt[15].accompaniment,3.2314872863090685
lowlevel.melbands.max[16].accompaniment,3.229279417091843
lowlevel.melbands128.max[9].vocal,3.2211262306932733
lowlevel.spectral_contrast_coeffs.var[2].vocal,3.202537353215415
lowlevel.gfcc.var[6].vocal,3.1940174219028354
lowlevel.gfcc.var[13].vocal,3.1883812030892895
lowlevel.melbands.max[15].original,3.1757795129092075
tonal.hpcp.median[32].original,3.170092439268479
lowlevel.spectral_strongpeak.kurt.accompaniment,3.1698131239049028
lowlevel.mfcc.mean[10].original,3.167558041924434
tonal.chords_strength.min.vocal,3.1473906093186126
lowlevel.erbbands.dvar2[24].original,3.1236815274918395
tonal.hpcp_crest.var.vocal,3.120530892617757
lowlevel.melbands128.kurt[53].vocal,3.119736189992024
tonal.chords_histogram[18].original,3.1093237019829187
lowlevel.melbands128.skew[37].original,3.096843441162453
tonal.hpcp.kurt[26].vocal,3.0879312779236248
lowlevel.mfcc.min[13].accompaniment,3.0866394317512547
lowlevel.melbands128.max[57].original,3.0855968752292258
lowlevel.melbands.max[14].original,3.0830941912806464
lowlevel.barkbands.max[10].original,3.0600214825720293
lowlevel.barkbands_kurtosis.skew.vocal,3.04271158078251
lowlevel.barkbands.mean[10].accompaniment,3.0023860920706213
lowlevel.melbands_kurtosis.dvar2.original,2.9999999999267866
lowlevel.gfcc.min[12].accompaniment,2.976058014920697
tonal.chords_key.vocal,2.9403596191359154
tonal.hpcp.kurt[24].accompaniment,2.926790504519097
lowlevel.spectral_energyband_middle_low.kurt.accompaniment,2.920949238372905
lowlevel.melbands128.kurt[17].original,2.9204263420092405
tonal.chords_number_rate.vocal,2.919520124361349
tonal.hpcp.kurt[26].original,2.9165555270565453
lowlevel.spectral_contrast_valleys.max[1].vocal,2.9150838864328885
lowlevel.gfcc.max[12].original,2.9127640102855556
lowlevel.spectral_contrast_coeffs.kurt[4].original,2.8910307860813567
lowlevel.spectral_skewness.min.vocal,2.8606532936546003
lowlevel.melbands128.kurt[8].accompaniment,2.8496852003376607
lowlevel.erbbands.dvar[27].original,2.8417794024861283
lowlevel.erbbands_spread.skew.original,2.827009898890439
lowlevel.spectral_energyband_middle_low.mean.vocal,2.8245383838318365
tonal.chords_histogram[2].original,2.8128655388529618
tonal.key_edma.key.vocal,2.812016385980877
lowlevel.melbands128.max[46].original,2.8104716770169906
rhythm.bpm.accompaniment,2.8016369884557344
lowlevel.melbands128.max[43].original,2.794584411112609
tonal.chords_histogram[17].original,2.7871457258501797
lowlevel.melbands128.kurt[103].original,2.7598808132858794
lowlevel.gfcc.kurt[2].accompaniment,2.7483704194811445
tonal.hpcp.var[16].accompaniment,2.7301959403585396
rhythm.beats_loudness.max.original,2.7183488725849663
lowlevel.erbbands.max[31].accompaniment,2.704128141282389
lowlevel.erbbands_spread.median.vocal,2.699510004477712
lowlevel.gfcc.min[5].original,2.6971496782068427
lowlevel.gfcc.skew[9].vocal,2.677359988080525
lowlevel.melbands128.skew[22].vocal,2.649869937347979
lowlevel.gfcc.max[11].vocal,2.6469173380707254
rhythm.beats_loudness_band_ratio.kurt[4].original,2.640449813159974
lowlevel.gfcc.max[10].original,2.61857300111975
lowlevel.erbbands.var[6].vocal,2.617328128396141
lowlevel.spectral_contrast_valleys.kurt[6].original,2.609385858347901
lowlevel.loudness_ebu128.short_term.var.accompaniment,2.5988338066505174
lowlevel.erbbands.dvar2[12].vocal,2.588457568839535
tonal.thpcp[23].original,2.586138245191556
lowlevel.silence_rate_30dB.var.vocal,2.5844606181559975
rhythm.beats_loudness_band_ratio.median[4].original,2.581847340045449
tonal.thpcp[15].original,2.577451851555883
rhythm.beats_loudness_band_ratio.kurt[5].vocal,2.5749862997105133
lowlevel.melbands128.skew[84].vocal,2.574121346892992
lowlevel.erbbands.median[8].vocal,2.573402414412901
lowlevel.spectral_contrast_coeffs.kurt[3].original,2.5697673271753234
lowlevel.loudness_ebu128.short_term.dvar.original,2.5686438936856364
lowlevel.gfcc.skew[6].accompaniment,2.5658375658238732
lowlevel.melbands128.max[52].original,2.5625480457134
lowlevel.erbbands.dvar2[22].original,2.5594327191775554
lowlevel.gfcc.min[5].vocal,2.5554484732243967
lowlevel.mfcc.kurt[4].vocal,2.552136653378929
lowlevel.erbbands.var[6].original,2.5486091258191976
lowlevel.melbands.kurt[12].original,2.542523443546217
lowlevel.melbands.max[15].accompaniment,2.5282030717192674
rhythm.beats_loudness_band_ratio.max[6].original,2.5243339854281066
lowlevel.melbands128.kurt[95].vocal,2.5127636435825504
lowlevel.melbands128.kurt[105].vocal,2.5064970640615782
lowlevel.gfcc.min[13].original,2.504600518272064
lowlevel.erbbands.max[27].accompaniment,2.4928554064509107
lowlevel.barkbands.skew[12].original,2.4927962837497977
tonal.hpcp.kurt[6].accompaniment,2.4870818671782953
lowlevel.mfcc.min[10].accompaniment,2.482909777708682
lowlevel.melbands128.kurt[103].vocal,2.469827898922248
lowlevel.mfcc.max[5].vocal,2.463617545756417
lowlevel.mfcc.var[12].vocal,2.4625330089749573
lowlevel.erbbands.dvar2[3].vocal,2.4476947025844193
lowlevel.silence_rate_30dB.kurt.accompaniment,2.4399652847781925
lowlevel.erbbands_kurtosis.skew.accompaniment,2.4284130057401168
lowlevel.mfcc.min[7].vocal,2.425861769447098
lowlevel.pitch_salience.max.vocal,2.42466712177575
lowlevel.mfcc.min[11].original,2.4242237557549027
tonal.chords_histogram[22].original,2.407598123923017
lowlevel.gfcc.max[13].vocal,2.4071586829270926
lowlevel.mfcc.max[7].vocal,2.400915020813134
lowlevel.melbands128.max[54].original,2.400035750862692
lowlevel.erbbands.var[14].original,2.388038469997827
lowlevel.gfcc.var[12].vocal,2.3741431924632375
lowlevel.mfcc.var[5].vocal,2.37261035489458
tonal.chords_histogram[8].accompaniment,2.3494632703578358
tonal.chords_histogram[6].vocal,2.342187993154966
lowlevel.gfcc.min[13].accompaniment,2.325478595753795
lowlevel.mfcc.min[12].accompaniment,2.317677235361413
lowlevel.barkbands_kurtosis.min.original,2.3168935304381124
lowlevel.barkbands_kurtosis.var.accompaniment,2.3038648856780743
lowlevel.gfcc.skew[8].original,2.3033793748919744
lowlevel.gfcc.max[5].vocal,2.3002690189612127
tonal.hpcp.skew[21].vocal,2.295771721503929
tonal.chords_histogram[13].vocal,2.290412645322765
lowlevel.spectral_energyband_middle_high.max.original,2.290188640659808
rhythm.beats_loudness_band_ratio.kurt[4].vocal,2.2821621157011056
lowlevel.erbbands.dvar2[20].accompaniment,2.251266012797002
lowlevel.melbands128.kurt[82].vocal,2.24675422230847
lowlevel.erbbands.var[26].accompaniment,2.2304490788537206
tonal.chords_histogram[2].vocal,2.2105714493567588
lowlevel.spectral_contrast_valleys.var[6].accompaniment,2.2034354912759277
lowlevel.melbands128.skew[27].original,2.182806719065233
lowlevel.spectral_contrast_coeffs.var[6].accompaniment,2.1809333936709185
lowlevel.gfcc.var[3].vocal,2.1788809613166418
lowlevel.barkbands.skew[11].original,2.168263513907981
lowlevel.erbbands.median[31].vocal,2.1415948406799865
lowlevel.melbands128.kurt[29].original,2.140000252450136
lowlevel.erbbands.dvar2[19].original,2.1314569448823573
tonal.chords_histogram[24].vocal,2.1260381190150786
tonal.chords_histogram[11].accompaniment,2.1257528151084752
tonal.hpcp.kurt[25].vocal,2.1188960896304128
lowlevel.melbands128.max[43].accompaniment,2.1114669315351686
lowlevel.gfcc.kurt[5].accompaniment,2.1086382806253328
lowlevel.gfcc.min[7].vocal,2.103612456142501
lowlevel.erbbands.dvar2[13].vocal,2.0950469140128334
lowlevel.erbbands.dvar2[24].vocal,2.0747634168973836
lowlevel.gfcc.kurt[6].accompaniment,2.074005197359235
lowlevel.melbands128.skew[35].original,2.0730096695621514
lowlevel.gfcc.max[5].original,2.0657211539197795
lowlevel.barkbands.skew[10].original,2.055668375567519
lowlevel.barkbands_flatness_db.min.vocal,2.0537772824331086
lowlevel.melbands128.max[48].original,2.043651419057916
lowlevel.erbbands.dvar2[29].vocal,2.0349635455245076
lowlevel.barkbands_flatness_db.skew.accompaniment,2.012079462576832
lowlevel.spectral_contrast_coeffs.var[5].vocal,1.9936420916860353
lowlevel.gfcc.max[3].vocal,1.9885463826801575
rhythm.beats_loudness_band_ratio.min[3].original,1.9880742510036928
tonal.hpcp.kurt[33].vocal,1.9868039339682757
lowlevel.erbbands.dvar2[23].vocal,1.978171260052705
lowlevel.spectral_rolloff.kurt.vocal,1.977114005455386
lowlevel.melbands128.max[42].accompaniment,1.9759462561429557
lowlevel.spectral_contrast_coeffs.var[4].vocal,1.9743651572988599
lowlevel.pitch_salience.skew.original,1.9686672124961175
lowlevel.spectral_contrast_coeffs.kurt[3].accompaniment,1.9654604981978354
lowlevel.gfcc.min[9].original,1.9616686940780406
lowlevel.erbbands_kurtosis.min.original,1.9603014978058952
lowlevel.spectral_contrast_coeffs.kurt[2].accompaniment,1.9482044974411765
lowlevel.erbbands.dvar[16].vocal,1.941122817270128
tonal.hpcp.kurt[13].vocal,1.9409473413204683
lowlevel.gfcc.min[11].accompaniment,1.9398995271270565
lowlevel.erbbands_flatness_db.min.vocal,1.9372107301793717
rhythm.beats_loudness_band_ratio.kurt[1].original,1.9330706115679446
lowlevel.spectral_energyband_middle_high.max.accompaniment,1.9328581130085671
lowlevel.spectral_contrast_coeffs.skew[5].original,1.9270988503716817
tonal.chords_histogram[15].vocal,1.9091401191126907
lowlevel.gfcc.max[13].original,1.9082787811845492
lowlevel.mfcc.max[5].accompaniment,1.891056147471075
lowlevel.mfcc.max[11].accompaniment,1.889025619849742
lowlevel.melbands128.max[54].accompaniment,1.8851963835870258
lowlevel.mfcc.max[13].vocal,1.8781586090462103
tonal.chords_histogram[10].vocal,1.8767760362614183
lowlevel.mfcc.min[5].accompaniment,1.8762693748952923
tonal.chords_strength.max.vocal,1.8756035826981452
lowlevel.barkbands_spread.var.vocal,1.8603735797973113
lowlevel.spectral_contrast_valleys.dmean2[1].vocal,1.8350927538726889
lowlevel.erbbands.dvar2[23].accompaniment,1.833918282082988
lowlevel.mfcc.min[7].accompaniment,1.8328301792705428
tonal.chords_histogram[20].accompaniment,1.8289080844276753
lowlevel.erbbands.median[17].vocal,1.814708059774332
lowlevel.erbbands.kurt[16].vocal,1.8054817561186844
tonal.hpcp.kurt[5].vocal,1.786151669947745
tonal.chords_histogram[18].accompaniment,1.7856500978407317
lowlevel.erbbands.var[6].accompaniment,1.7771164323676945
lowlevel.melbands128.max[42].original,1.753838767251715
lowlevel.erbbands.max[1].vocal,1.7380357940402593
tonal.hpcp.kurt[7].vocal,1.736629617182635
lowlevel.gfcc.min[12].original,1.7346166720906213
lowlevel.erbbands.max[38].vocal,1.729129654207689
tonal.chords_histogram[14].vocal,1.7225111551145451
tonal.hpcp.kurt[11].vocal,1.7175352429167297
tonal.chords_key.original,1.7149127873397298
lowlevel.erbbands.median[34].vocal,1.7124526086137282
tonal.chords_histogram[20].vocal,1.6988184338426002
lowlevel.erbbands.median[4].vocal,1.6920894159998543
lowlevel.barkbands.skew[9].original,1.6847103918653683
lowlevel.spectral_energyband_middle_low.kurt.original,1.6792702698423263
lowlevel.spectral_kurtosis.var.vocal,1.6744500401772884
lowlevel.erbbands.dvar2[25].vocal,1.673972699304204
lowlevel.barkbands.max[21].accompaniment,1.6729267876110363
lowlevel.gfcc.min[9].accompaniment,1.6707956779326838
lowlevel.spectral_entropy.skew.vocal,1.6679293917599887
lowlevel.spectral_entropy.skew.accompaniment,1.6594788288023907
lowlevel.silence_rate_60dB.kurt.vocal,1.6482334979252076
tonal.chords_histogram[5].original,1.642356340083478
lowlevel.melbands128.kurt[45].vocal,1.6216218819578083
lowlevel.mfcc.kurt[6].original,1.6104576429910717
tonal.chords_histogram[16].vocal,1.608300790012229
lowlevel.erbbands.var[16].accompaniment,1.6034880265545381
lowlevel.spectral_entropy.kurt.vocal,1.5885185471908927
lowlevel.melbands128.max[52].accompaniment,1.5773432371842615
lowlevel.erbbands.dvar2[24].accompaniment,1.5714617114194387
tonal.chords_histogram[21].vocal,1.5713042774657433
tonal.chords_histogram[20].original,1.5703116399670658
lowlevel.erbbands_kurtosis.skew.vocal,1.5375351169921976
lowlevel.gfcc.skew[6].original,1.5373925809921725
lowlevel.melbands128.skew[23].accompaniment,1.5364828583758552
lowlevel.melbands128.kurt[94].vocal,1.5339329565069095
lowlevel.mfcc.min[7].original,1.5204461064962698
rhythm.beats_loudness_band_ratio.dvar[1].accompaniment,1.5161879535657727
lowlevel.erbbands_spread.min.vocal,1.501503223490917
lowlevel.barkbands_flatness_db.kurt.accompaniment,1.5011055847033907
lowlevel.spectral_contrast_coeffs.skew[2].accompaniment,1.487740815424305
lowlevel.melbands128.kurt[15].original,1.4858802898804282
lowlevel.gfcc.min[10].original,1.483344545414238
lowlevel.melbands_kurtosis.min.vocal,1.4832228810064318
lowlevel.gfcc.max[9].accompaniment,1.4814109107753624
tonal.hpcp.kurt[24].vocal,1.4723485171432371
lowlevel.gfcc.var[5].vocal,1.46272921695595
lowlevel.spectral_contrast_valleys.kurt[6].vocal,1.45256067006605
lowlevel.gfcc.kurt[2].vocal,1.4494548776410403
tonal.chords_strength.median.original,1.4389133450289033
lowlevel.gfcc.min[10].accompaniment,1.4336310752117378
lowlevel.melbands128.kurt[40].vocal,1.430819201383968
lowlevel.mfcc.min[5].original,1.4300222249315608
lowlevel.spectral_contrast_coeffs.kurt[1].original,1.4202274347524773
lowlevel.melbands_spread.max.original,1.4155401545315323
lowlevel.mfcc.median[13].vocal,1.4146034865569972
tonal.chords_histogram[19].original,1.4116874440630778
lowlevel.barkbands.max[18].vocal,1.4052404383900479
lowlevel.melbands128.kurt[24].original,1.3974341477511278
tonal.hpcp.kurt[31].vocal,1.3914572690388134
tonal.chords_histogram[22].accompaniment,1.3790784069805897
lowlevel.melbands128.max[49].accompaniment,1.367570310738201
lowlevel.erbbands.kurt[14].vocal,1.36435825364748
lowlevel.melbands128.skew[86].vocal,1.3564002185079334
tonal.hpcp_entropy.kurt.original,1.3495198498594272
lowlevel.melbands128.skew[38].vocal,1.3489202899422663
lowlevel.erbbands_skewness.kurt.accompaniment,1.344857427100417
lowlevel.melbands128.skew[39].vocal,1.341653427602631
lowlevel.mfcc.max[12].original,1.3402375214914994
tonal.chords_histogram[18].vocal,1.3165003430957505
lowlevel.melbands128.kurt[44].vocal,1.3120929610651162
lowlevel.melbands128.kurt[48].vocal,1.2939724101458099
lowlevel.gfcc.kurt[4].vocal,1.2820819403875603
lowlevel.spectral_skewness.kurt.vocal,1.2761932123208342
lowlevel.hfc.var.original,1.2734117223043606
lowlevel.melbands128.max[50].accompaniment,1.2728039076198332
lowlevel.spectral_contrast_valleys.min[6].accompaniment,1.2649936748157051
lowlevel.spectral_contrast_coeffs.kurt[6].vocal,1.2645261870039812
lowlevel.pitch_salience.max.original,1.260814167794617
lowlevel.erbbands_kurtosis.skew.original,1.2501143193156654
lowlevel.mfcc.kurt[6].accompaniment,1.24479633070799
lowlevel.mfcc.median[10].accompaniment,1.2402580980973
tonal.chords_histogram[17].accompaniment,1.2251986045231238
lowlevel.spectral_contrast_coeffs.var[6].vocal,1.2248099578629683
lowlevel.barkbands_skewness.kurt.vocal,1.2048335247784079
lowlevel.melbands_kurtosis.min.original,1.1994052286380894
lowlevel.spectral_strongpeak.kurt.vocal,1.1739021652475488
lowlevel.melbands128.kurt[17].accompaniment,1.169799185858489
lowlevel.erbbands.dvar2[9].vocal,1.1691978189115555
lowlevel.gfcc.kurt[7].accompaniment,1.1614992447225512
lowlevel.loudness_ebu128.short_term.kurt.vocal,1.159320721720937
lowlevel.melbands128.skew[26].vocal,1.1495046783434193
lowlevel.melbands128.skew[26].original,1.149419266547225
lowlevel.erbbands_kurtosis.min.vocal,1.1406408082355135
tonal.tuning_frequency.original,1.1396023017119217
lowlevel.mfcc.max[11].original,1.1287159197253276
tonal.chords_histogram[13].original,1.1276520141552822
lowlevel.spectral_contrast_valleys.max[2].original,1.1249856591415923
lowlevel.mfcc.max[10].accompaniment,1.1197224041311997
tonal.chords_histogram[5].vocal,1.1181575387635672
rhythm.beats_loudness_band_ratio.min[3].accompaniment,1.1126712475629221
rhythm.beats_loudness_band_ratio.kurt[2].accompaniment,1.0804980654077467
lowlevel.mfcc.kurt[7].accompaniment,1.0799322750538007
tonal.chords_histogram[9].original,1.0675209976151674
lowlevel.erbbands.var[16].vocal,1.0670938329818738
rhythm.beats_loudness_band_ratio.kurt[1].accompaniment,1.0592269737463658
tonal.chords_histogram[1].vocal,1.0563305663102234
lowlevel.mfcc.min[13].original,1.0524176178846705
lowlevel.mfcc.max[9].accompaniment,1.045971488808587
tonal.chords_histogram[23].vocal,1.0456587972998697
lowlevel.barkbands_spread.max.vocal,1.041253183760996
lowlevel.gfcc.kurt[9].accompaniment,1.0410857213569316
lowlevel.spectral_contrast_coeffs.skew[6].vocal,1.0367518014401285
rhythm.beats_loudness_band_ratio.kurt[3].vocal,1.0036587538653947
lowlevel.melbands128.max[59].vocal,1.001104331157628
lowlevel.erbbands.kurt[13].vocal,1.0009427627517136
lowlevel.spectral_contrast_coeffs.skew[1].original,0.9983271072131672
tonal.chords_histogram[3].vocal,0.9821541492152964
lowlevel.melbands_flatness_db.min.vocal,0.9809334743024238
lowlevel.melbands128.skew[21].original,0.9738976160642533
lowlevel.melbands128.skew[29].vocal,0.9646331601222132
lowlevel.spectral_contrast_coeffs.var[6].original,0.9643245606783578
lowlevel.mfcc.skew[9].accompaniment,0.9547104586145976
lowlevel.mfcc.var[1].accompaniment,0.9465200270325461
lowlevel.pitch_salience.kurt.vocal,0.9459011869323959
lowlevel.melbands128.skew[42].vocal,0.9370530833195427
tonal.chords_histogram[11].original,0.9348163313397468
tonal.chords_histogram[6].original,0.9248159240228991
tonal.chords_histogram[7].original,0.9213679629837397
tonal.chords_histogram[4].accompaniment,0.9186486696528575
lowlevel.mfcc.skew[4].original,0.8973113475277764
lowlevel.melbands128.skew[4].vocal,0.8917962638810475
lowlevel.gfcc.skew[5].original,0.8597321162043918
lowlevel.gfcc.kurt[8].vocal,0.8590036410236939
lowlevel.mfcc.kurt[3].vocal,0.8555701882838223
tonal.chords_histogram[9].accompaniment,0.8467767869426954
tonal.key_krumhansl.key.accompaniment,0.8320671255430148
lowlevel.gfcc.min[7].original,0.8260404623999047
lowlevel.spectral_contrast_coeffs.skew[3].original,0.8235738711792981
tonal.chords_histogram[5].accompaniment,0.8175204492043313
lowlevel.spectral_contrast_coeffs.kurt[4].vocal,0.8157673189555841
lowlevel.melbands128.kurt[22].original,0.8041069677960611
lowlevel.mfcc.kurt[3].original,0.8036366789558766
lowlevel.erbbands.var[25].accompaniment,0.8032269149569413
tonal.chords_histogram[23].original,0.7926458495697117
lowlevel.erbbands.skew[6].original,0.7902310746090212
tonal.tuning_frequency.accompaniment,0.7783962371918834
lowlevel.gfcc.skew[7].accompaniment,0.7673038816243406
lowlevel.melbands128.skew[12].original,0.765636095683963
lowlevel.mfcc.kurt[7].original,0.7593713351950875
lowlevel.gfcc.max[7].accompaniment,0.753668050301512
tonal.chords_histogram[4].vocal,0.7533910839506408
lowlevel.barkbands_kurtosis.skew.original,0.7431257294238263
lowlevel.mfcc.kurt[2].vocal,0.7414796470712938
lowlevel.melbands_flatness_db.kurt.original,0.73731620865837
lowlevel.mfcc.kurt[5].original,0.7359206118093342
lowlevel.gfcc.median[5].accompaniment,0.7347148865455063
lowlevel.gfcc.skew[5].accompaniment,0.7331510965664663
lowlevel.gfcc.kurt[5].vocal,0.7231431927798122
lowlevel.melbands128.max[45].original,0.7213352281793951
lowlevel.mfcc.kurt[8].accompaniment,0.7121050496551649
lowlevel.mfcc.kurt[7].vocal,0.709691085529576
tonal.chords_histogram[24].accompaniment,0.7044417221220541
tonal.hpcp_crest.max.original,0.6905167713032709
tonal.chords_histogram[16].accompaniment,0.68704752307361
lowlevel.melbands128.max[48].accompaniment,0.6637209922706088
lowlevel.melbands128.kurt[12].accompaniment,0.6579755280293461
lowlevel.gfcc.skew[13].vocal,0.657236014738091
tonal.chords_histogram[22].vocal,0.6560193703278725
rhythm.beats_count.vocal,0.6501815973349683
lowlevel.melbands128.kurt[35].vocal,0.6469811721237662
lowlevel.pitch_salience.max.accompaniment,0.6374011808363745
lowlevel.barkbands.kurt[8].original,0.6364530387386942
lowlevel.spectral_contrast_coeffs.skew[3].accompaniment,0.6349073673780752
tonal.chords_histogram[21].accompaniment,0.6272797569736783
lowlevel.erbbands.dvar2[5].original,0.6220837144621614
lowlevel.melbands128.skew[51].vocal,0.6191281020041137
lowlevel.gfcc.skew[4].accompaniment,0.6165080579126857
lowlevel.mfcc.skew[5].accompaniment,0.61146062995043
lowlevel.mfcc.mean[9].accompaniment,0.6105924444050765
lowlevel.mfcc.skew[8].original,0.6078632643222223
tonal.chords_histogram[8].vocal,0.6023495179167343
lowlevel.gfcc.skew[8].accompaniment,0.6002953665625446
tonal.chords_strength.kurt.original,0.5992349768345321
lowlevel.erbbands.var[4].accompaniment,0.5965122032064285
lowlevel.erbbands.skew[7].accompaniment,0.5862364355814986
lowlevel.spectral_contrast_coeffs.skew[1].accompaniment,0.5796759376755745
lowlevel.spectral_contrast_coeffs.skew[4].original,0.576657040973961
lowlevel.gfcc.min[11].original,0.567530907615247
lowlevel.gfcc.kurt[6].original,0.5660369589668801
lowlevel.spectral_contrast_coeffs.skew[4].accompaniment,0.5590169602565431
lowlevel.melbands128.skew[21].accompaniment,0.5564878162281632
tonal.hpcp_crest.max.accompaniment,0.5466294643046202
lowlevel.mfcc.kurt[10].accompaniment,0.5432306719779532
lowlevel.gfcc.kurt[6].vocal,0.5408700426641524
lowlevel.mfcc.median[5].original,0.5330303136803507
lowlevel.melbands_kurtosis.min.accompaniment,0.5326637484290568
lowlevel.gfcc.kurt[8].accompaniment,0.5290811573754327
lowlevel.spectral_spread.skew.vocal,0.5279941008660682
tonal.chords_histogram[7].vocal,0.5216608618900107
lowlevel.mfcc.max[7].original,0.5161716135809628
lowlevel.mfcc.median[12].accompaniment,0.5142601805121104
lowlevel.mfcc.median[13].original,0.5110550133218477
lowlevel.gfcc.kurt[12].original,0.5078920635010464
lowlevel.gfcc.skew[7].original,0.504773785296613
lowlevel.melbands128.skew[49].vocal,0.5041726889833923
lowlevel.mfcc.skew[9].original,0.5021563801238946
tonal.chords_strength.kurt.vocal,0.5010021209461851
lowlevel.silence_rate_30dB.skew.original,0.4994823271089332
tonal.chords_histogram[17].vocal,0.4960684019181114
lowlevel.melbands128.skew[20].accompaniment,0.49522191828835327
lowlevel.melbands128.kurt[46].vocal,0.4947050390013872
lowlevel.melbands128.kurt[13].original,0.48658477735374794
lowlevel.mfcc.skew[8].accompaniment,0.4818540532254344
lowlevel.barkbands_spread.skew.vocal,0.47930597335324976
lowlevel.melbands128.kurt[1].vocal,0.4792006795390866
tonal.chords_histogram[23].accompaniment,0.47279249303065213
lowlevel.gfcc.min[2].accompaniment,0.4706243517850208
lowlevel.mfcc.skew[11].original,0.46917639695579516
lowlevel.melbands_skewness.min.original,0.4599058637329243
tonal.chords_strength.min.original,0.45966967436116846
lowlevel.gfcc.kurt[13].original,0.45829779029394224
lowlevel.mfcc.skew[3].accompaniment,0.45714006004069313
tonal.chords_number_rate.original,0.4491716962291814
lowlevel.gfcc.max[8].accompaniment,0.43958823071122965
lowlevel.mfcc.kurt[8].original,0.4391222576043105
lowlevel.gfcc.kurt[10].vocal,0.43225282814504556
lowlevel.melbands128.max[45].accompaniment,0.42453151373324816
lowlevel.melbands128.skew[50].vocal,0.423832712735351
lowlevel.pitch_salience.kurt.accompaniment,0.41630249010871323
lowlevel.erbbands_flatness_db.kurt.original,0.4090145802848284
tonal.hpcp_entropy.var.vocal,0.4002847416508383
lowlevel.mfcc.max[6].accompaniment,0.3906461874361475
tonal.chords_histogram[21].original,0.3884460733720695
lowlevel.erbbands_skewness.skew.vocal,0.3879143707193055
tonal.chords_histogram[12].vocal,0.3837633045754921
lowlevel.spectral_contrast_coeffs.kurt[1].accompaniment,0.3773196543219263
lowlevel.mfcc.skew[10].accompaniment,0.3757429351179927
lowlevel.mfcc.skew[12].accompaniment,0.3751857740326495
lowlevel.loudness_ebu128.momentary.kurt.vocal,0.3639627914154772
tonal.chords_strength.var.accompaniment,0.3623651588693753
lowlevel.gfcc.kurt[5].original,0.35845152156888205
lowlevel.gfcc.skew[11].vocal,0.35297168433883236
lowlevel.spectral_rolloff.min.accompaniment,0.3511244640677726
lowlevel.spectral_kurtosis.min.original,0.34444862879852506
lowlevel.mfcc.kurt[9].original,0.3426365626448095
lowlevel.gfcc.kurt[7].vocal,0.3422644767882214
lowlevel.mfcc.kurt[11].accompaniment,0.34074133535411744
lowlevel.mfcc.skew[12].original,0.3373476047321054
lowlevel.gfcc.mean[10].accompaniment,0.33410970020305025
lowlevel.spectral_spread.dvar.original,0.33157923113126675
lowlevel.mfcc.max[9].original,0.3313014389776921
lowlevel.spectral_contrast_valleys.min[5].original,0.3284922395911338
tonal.chords_histogram[11].vocal,0.3243620237188232
rhythm.beats_loudness_band_ratio.kurt[3].accompaniment,0.3185323142294583
lowlevel.melbands_flatness_db.min.accompaniment,0.31646188891624294
lowlevel.mfcc.kurt[9].accompaniment,0.3159643809140769
lowlevel.mfcc.skew[7].original,0.3108028000007822
lowlevel.mfcc.skew[6].original,0.30696108221977064
lowlevel.zerocrossingrate.max.original,0.30509925128227433
lowlevel.erbbands_skewness.skew.original,0.3034123481387986
tonal.chords_histogram[9].vocal,0.3017329247354922
lowlevel.gfcc.kurt[9].vocal,0.2988610126306954
tonal.chords_scale.vocal,0.29441624365482233
lowlevel.spectral_contrast_valleys.min[3].original,0.29414486676282103
lowlevel.gfcc.kurt[9].original,0.28847060789929413
lowlevel.melbands_crest.min.original,0.28164623703469527
lowlevel.mfcc.mean[11].accompaniment,0.27588403948582957
lowlevel.mfcc.mean[13].accompaniment,0.2756792810948127
lowlevel.melbands_kurtosis.skew.vocal,0.2710221951050345
lowlevel.spectral_kurtosis.min.accompaniment,0.26838521801551957
lowlevel.mfcc.skew[10].original,0.2663906837838923
lowlevel.mfcc.kurt[12].accompaniment,0.26618298332029194
lowlevel.gfcc.kurt[8].original,0.263671939898552
tonal.chords_strength.skew.original,0.26155409825736664
lowlevel.melbands128.skew[14].accompaniment,0.26138884235002247
lowlevel.spectral_contrast_coeffs.min[1].vocal,0.25950828363971656
lowlevel.barkbands_kurtosis.median.vocal,0.2580607940049127
lowlevel.gfcc.kurt[12].accompaniment,0.2570571808673173
lowlevel.gfcc.kurt[10].accompaniment,0.25634453045020245
lowlevel.gfcc.kurt[11].original,0.25389095258120253
lowlevel.gfcc.skew[13].original,0.2514647274713805
lowlevel.gfcc.skew[13].accompaniment,0.24386076300985846
lowlevel.mfcc.max[10].original,0.24375843822703686
lowlevel.gfcc.kurt[13].accompaniment,0.2373600225305964
lowlevel.melbands128.max[18].vocal,0.23641814385333654
lowlevel.spectral_rolloff.max.original,0.23575062717779696
lowlevel.gfcc.kurt[11].accompaniment,0.2332546926720933
lowlevel.melbands.skew[9].original,0.23173427281273976
lowlevel.melbands_skewness.skew.vocal,0.23082500779655676
lowlevel.spectral_spread.min.vocal,0.22739105193671916
lowlevel.loudness_ebu128.short_term.dvar2.accompaniment,0.22631190805106483
lowlevel.mfcc.skew[3].original,0.21412141476284932
lowlevel.mfcc.mean[11].original,0.21100412322841078
lowlevel.spectral_contrast_valleys.min[6].original,0.20954570360105396
lowlevel.melbands128.kurt[16].accompaniment,0.199840946313227
lowlevel.spectral_contrast_coeffs.min[1].original,0.1957691019082677
lowlevel.melbands128.skew[15].accompaniment,0.1909441221106521
lowlevel.spectral_contrast_valleys.min[1].original,0.19062991524943665
tonal.chords_strength.var.original,0.1890218382547399
lowlevel.spectral_contrast_coeffs.min[3].original,0.18245674689443436
tonal.chords_histogram[24].original,0.17801793990061693
lowlevel.spectral_centroid.max.original,0.1742284279722574
lowlevel.gfcc.kurt[12].vocal,0.1727231491898431
lowlevel.gfcc.skew[9].original,0.17087060341013804
lowlevel.spectral_contrast_coeffs.min[5].original,0.16655032681187698
lowlevel.erbbands_skewness.kurt.original,0.1581827814596481
lowlevel.gfcc.kurt[7].original,0.15409191161346167
lowlevel.gfcc.kurt[13].vocal,0.15403128581716763
lowlevel.gfcc.skew[9].accompaniment,0.15077900191193558
lowlevel.barkbands_flatness_db.min.original,0.14914816272491388
lowlevel.mfcc.skew[6].accompaniment,0.1483706250653649
lowlevel.erbbands_flatness_db.min.original,0.145112930443177
lowlevel.gfcc.kurt[10].original,0.1438257384198565
lowlevel.mfcc.kurt[13].accompaniment,0.13794701825151817
lowlevel.spectral_skewness.min.original,0.1370948832584623
lowlevel.spectral_energyband_high.skew.vocal,0.13633909120578802
lowlevel.gfcc.skew[11].accompaniment,0.13444521543086302
lowlevel.mfcc.skew[13].accompaniment,0.1335750800701306
lowlevel.mfcc.kurt[10].original,0.13125574095952142
lowlevel.gfcc.kurt[11].vocal,0.12752661703235427
lowlevel.spectral_spread.max.original,0.12555436745784831
lowlevel.mfcc.skew[4].accompaniment,0.12523431588255468
lowlevel.barkbands_flatness_db.min.accompaniment,0.12455781588066146
lowlevel.spectral_contrast_coeffs.min[2].accompaniment,0.11783060676225836
tonal.chords_histogram[7].accompaniment,0.11428223209174766
lowlevel.barkbands_kurtosis.skew.accompaniment,0.1139247844437817
tonal.hpcp_entropy.kurt.vocal,0.11261495182867491
lowlevel.erbbands_flatness_db.min.accompaniment,0.11139673544100613
lowlevel.mfcc.kurt[12].original,0.10913820793208373
lowlevel.spectral_contrast_valleys.min[2].original,0.10631000074913294
lowlevel.mfcc.skew[5].original,0.10583093483246225
lowlevel.gfcc.min[2].original,0.09992135432353016
lowlevel.spectral_contrast_coeffs.min[4].accompaniment,0.09682031118642875
lowlevel.mfcc.skew[11].accompaniment,0.09133509040959752
lowlevel.mfcc.kurt[13].original,0.09101371586407826
lowlevel.mfcc.max[8].accompaniment,0.08963407684481997
lowlevel.spectral_contrast_coeffs.min[6].accompaniment,0.08851737944879147
tonal.chords_histogram[4].original,0.08113285094773069
lowlevel.mfcc.skew[7].accompaniment,0.08036710412804611
lowlevel.mfcc.mean[7].accompaniment,0.07483680006267297
lowlevel.melbands_flatness_db.min.original,0.069595737390032
lowlevel.spectral_contrast_coeffs.min[2].original,0.06751375759153516
lowlevel.erbbands_skewness.min.original,0.06648630569844802
lowlevel.gfcc.skew[11].original,0.06397068557970174
tonal.chords_histogram[19].vocal,0.061738905375799104
lowlevel.erbbands_skewness.skew.accompaniment,0.059865184194583206
lowlevel.gfcc.skew[12].accompaniment,0.05699087454261073
lowlevel.melbands_skewness.min.accompaniment,0.05454928519331161
lowlevel.spectral_contrast_coeffs.min[1].accompaniment,0.05359625618956785
lowlevel.spectral_entropy.max.original,0.04981290289597899
lowlevel.spectral_contrast_coeffs.min[3].accompaniment,0.04732891540958041
lowlevel.spectral_contrast_valleys.min[4].original,0.04662326166294443
lowlevel.gfcc.skew[12].original,0.04623444045633537
lowlevel.spectral_contrast_coeffs.min[6].original,0.044118141524718234
lowlevel.mfcc.kurt[11].original,0.04079339260819811
lowlevel.spectral_contrast_coeffs.min[5].accompaniment,0.036680387905592526
lowlevel.gfcc.skew[10].accompaniment,0.03386935046445962
tonal.chords_strength.min.accompaniment,0.026754642931351588
lowlevel.barkbands_kurtosis.min.vocal,0.02569991639867862
tonal.chords_strength.skew.accompaniment,0.024561363263559035
lowlevel.spectral_contrast_coeffs.min[4].original,0.022820381316209094
lowlevel.gfcc.skew[10].original,0.013963939921849017
lowlevel.mfcc.skew[13].original,0.007841464630393412
