feature,index,weight,rank
tonal.thpcp[3].accompaniment,304,0.12929341253774304,1
lowlevel.dissonance.var.accompaniment,9,0.1179810617997199,2
lowlevel.spectral_contrast_coeffs.var[5].original,576,0.11342012569590199,3
lowlevel.spectral_energyband_middle_high.dmean2.vocal,694,0.10741989121889167,4
lowlevel.gfcc.dvar[8].vocal,779,0.10631575816630545,5
lowlevel.erbbands.median[26].accompaniment,72,0.10442415382719415,6
tonal.hpcp.dmean2[13].accompaniment,271,0.10282169978393432,7
tonal.thpcp[33].accompaniment,318,0.1020178683488324,8
rhythm.beats_loudness_band_ratio.var[2].original,599,0.09862523483259047,9
tonal.thpcp[18].accompaniment,311,0.09590862488017372,10
tonal.hpcp.dmean2[19].accompaniment,272,0.0944113618537176,11
tonal.hpcp.dmean2[28].accompaniment,273,0.0939139800674154,12
lowlevel.loudness_ebu128.short_term.median.original,344,0.0932738747229593,13
tonal.hpcp.dmean2[35].accompaniment,274,0.09141519306522387,14
lowlevel.erbbands_crest.kurt.original,327,0.09093637110043179,15
rhythm.beats_loudness_band_ratio.max[3].accompaniment,246,0.09074328389125234,16
tonal.hpcp.dvar2[9].accompaniment,276,0.08904524784993233,17
lowlevel.spectral_contrast_coeffs.max[3].original,565,0.08655353060134968,18
lowlevel.spectral_contrast_coeffs.dvar2[1].vocal,891,0.08499774830069795,19
lowlevel.melbands128.skew[54].accompaniment,154,0.07996617637245651,20
lowlevel.melbands128.skew[60].accompaniment,158,0.07849788459139775,21
lowlevel.mfcc.min[4].vocal,878,0.07831842160168537,22
lowlevel.gfcc.var[13].original,455,0.07815062084748975,23
lowlevel.melbands128.skew[66].original,508,0.07767432413765943,24
rhythm.onset_rate.accompaniment,44,0.0767111670752523,25
lowlevel.spectral_energyband_middle_high.skew.original,361,0.07670046563952172,26
lowlevel.melbands128.skew[69].accompaniment,163,0.07617903040306082,27
lowlevel.spectral_energyband_middle_high.skew.accompaniment,31,0.07604076193349689,28
lowlevel.mfcc.min[12].original,544,0.07563333327188845,29
lowlevel.melbands128.skew[65].accompaniment,160,0.07503793372724658,30
lowlevel.barkbands.skew[18].original,402,0.07463960372528329,31
tonal.tuning_equal_tempered_deviation.accompaniment,51,0.07424900367378853,32
tonal.hpcp.median[14].original,629,0.07391661110340009,33
tonal.hpcp.median[18].original,631,0.07360616621008993,34
lowlevel.spectral_contrast_coeffs.kurt[5].original,563,0.0730088739501015,35
lowlevel.melbands128.skew[63].accompaniment,159,0.0728028875216475,36
lowlevel.erbbands_flatness_db.mean.vocal,667,0.07263661546438469,37
lowlevel.spectral_complexity.dvar.vocal,691,0.07254834955878157,38
lowlevel.melbands128.skew[57].accompaniment,157,0.07229348659158391,39
tonal.thpcp[2].accompaniment,303,0.07217836083900077,40
lowlevel.spectral_contrast_valleys.dmean[5].accompaniment,237,0.07208984382621354,41
lowlevel.melbands128.skew[53].accompaniment,153,0.07187974417528695,42
lowlevel.melbands.skew[31].original,462,0.07123931651005022,43
lowlevel.melbands128.skew[74].original,510,0.0709644090518181,44
lowlevel.melbands128.skew[75].accompaniment,166,0.07084616701780709,45
lowlevel.melbands128.skew[67].original,509,0.07076131674635429,46
lowlevel.melbands128.skew[55].accompaniment,155,0.07025292750804353,47
lowlevel.melbands128.skew[82].accompaniment,168,0.07011313826438657,48
lowlevel.melbands128.skew[72].accompaniment,165,0.06976259380523456,49
lowlevel.spectral_rolloff.kurt.accompaniment,40,0.06933808503085323,50
lowlevel.gfcc.max[9].vocal,796,0.06907699694460466,51
lowlevel.barkbands_kurtosis.median.original,323,0.06905618963697616,52
tonal.hpcp.dvar2[5].accompaniment,275,0.06895301006405996,53
lowlevel.gfcc.max[11].accompaniment,96,0.06813945268123907,54
lowlevel.melbands128.skew[65].original,507,0.06783172667066073,55
lowlevel.zerocrossingrate.min.vocal,712,0.0678044111344628,56
tonal.hpcp.median[29].original,637,0.06746475402027392,57
lowlevel.melbands128.skew[56].accompaniment,156,0.06727107770178758,58
lowlevel.mfcc.min[8].accompaniment,200,0.06723760599310845,59
tonal.thpcp[2].original,643,0.06629027406909431,60
lowlevel.gfcc.skew[4].original,443,0.06626933040509277,61
lowlevel.spectral_contrast_coeffs.var[1].vocal,900,0.0660973053340702,62
lowlevel.melbands128.skew[67].accompaniment,161,0.06591307538120263,63
lowlevel.hfc.skew.accompaniment,19,0.06565653498424345,64
lowlevel.melbands128.skew[68].accompaniment,162,0.06546759869030833,65
tonal.hpcp.median[27].original,636,0.06510411777396347,66
lowlevel.erbbands.dmean[19].vocal,733,0.06501706969738014,67
lowlevel.hfc.skew.original,338,0.06499307394207067,68
lowlevel.spectral_centroid.min.vocal,690,0.06495483887069751,69
lowlevel.mfcc.min[6].accompaniment,198,0.06335156822120545,70
lowlevel.spectral_energy.dmean2.vocal,692,0.06313024478317832,71
lowlevel.melbands128.skew[80].accompaniment,167,0.06292703624808073,72
lowlevel.spectral_contrast_coeffs.mean[1].accompaniment,224,0.0626416896117549,73
lowlevel.gfcc.min[3].vocal,803,0.06233059251109645,74
rhythm.beats_loudness_band_ratio.skew[6].accompaniment,252,0.06231351579175165,75
lowlevel.melbands128.skew[85].accompaniment,169,0.06221017705260783,76
lowlevel.mfcc.min[6].original,538,0.06162752459353379,77
rhythm.beats_loudness_band_ratio.dmean[5].vocal,909,0.06112558996811635,78
rhythm.beats_loudness_band_ratio.kurt[2].vocal,913,0.06102158655172066,79
lowlevel.spectral_contrast_coeffs.kurt[5].accompaniment,222,0.060981407140687546,80
lowlevel.spectral_strongpeak.dmean2.vocal,709,0.060883010115928976,81
lowlevel.melbands128.skew[71].accompaniment,164,0.06083172988670816,82
lowlevel.melbands128.skew[53].original,499,0.06077055130201803,83
lowlevel.melbands128.skew[64].original,506,0.060075172392963096,84
lowlevel.mfcc.var[8].vocal,886,0.05991042171019925,85
tonal.hpcp.median[24].original,634,0.05915785780323911,86
lowlevel.loudness_ebu128.loudness_range.original,340,0.05907555561013666,87
lowlevel.spectral_flux.kurt.original,365,0.05896357608236059,88
lowlevel.spectral_entropy.skew.accompaniment,36,0.058781528603310075,89
tonal.hpcp.dmean[23].vocal,948,0.05864293740045248,90
lowlevel.loudness_ebu128.momentary.kurt.original,341,0.05853841291127613,91
rhythm.danceability.original,378,0.05828787366649072,92
rhythm.beats_loudness_band_ratio.kurt[1].vocal,912,0.058118915197557935,93
tonal.hpcp.dmean[27].vocal,949,0.0579051255621503,94
tonal.thpcp[12].accompaniment,308,0.0569401046839502,95
tonal.hpcp.median[12].original,628,0.05692024088394272,96
lowlevel.mfcc.min[4].original,536,0.056648425486858146,97
rhythm.beats_loudness_band_ratio.max[6].accompaniment,249,0.05657792042056561,98
tonal.hpcp.median[33].original,640,0.05651644894592338,99
lowlevel.barkbands.dmean2[13].vocal,729,0.05598198510063759,100
lowlevel.mfcc.min[7].vocal,879,0.05585974285520191,101
tonal.thpcp[34].vocal,967,0.0558506278969073,102
lowlevel.mfcc.var[6].original,557,0.05580644836881748,103
lowlevel.silence_rate_60dB.var.original,356,0.055306196842421565,104
lowlevel.erbbands_crest.min.original,328,0.05469090311690156,105
lowlevel.gfcc.var[3].original,453,0.054636020599319685,106
lowlevel.melbands128.skew[62].original,505,0.0544921895529686,107
rhythm.beats_loudness_band_ratio.dvar2[4].vocal,911,0.05416880987952847,108
lowlevel.mfcc.var[9].original,558,0.05404987150815267,109
lowlevel.spectral_flux.kurt.accompaniment,37,0.053377371805374045,110
lowlevel.erbbands.dmean2[16].vocal,738,0.05267170356373203,111
rhythm.beats_loudness_band_ratio.var[1].vocal,921,0.052539030270061175,112
tonal.key_temperley.strength.vocal,724,0.052534327564392844,113
lowlevel.mfcc.min[11].accompaniment,203,0.05182544460150156,114
tonal.hpcp.median[20].original,632,0.05136674556037115,115
tonal.hpcp.median[35].original,641,0.05033958878840284,116
lowlevel.spectral_contrast_coeffs.median[6].vocal,896,0.05029791210248585,117
lowlevel.mfcc.max[12].vocal,875,0.0501637130394964,118
lowlevel.gfcc.min[5].original,435,0.05005731211849899,119
lowlevel.barkbands_crest.min.accompaniment,0,0.049958542703989924,120
lowlevel.mfcc.max[12].accompaniment,190,0.04994834401331525,121
lowlevel.erbbands_crest.kurt.accompaniment,10,0.04982752497507032,122
tonal.thpcp[9].accompaniment,307,0.04978914270397962,123
lowlevel.barkbands_flatness_db.skew.accompaniment,3,0.04940181288493925,124
tonal.hpcp_entropy.skew.accompaniment,50,0.04939543113626661,125
lowlevel.spectral_contrast_coeffs.mean[6].accompaniment,225,0.04914110255147787,126
lowlevel.melbands_spread.dmean.vocal,682,0.049071558503747725,127
lowlevel.melbands128.skew[57].original,503,0.04890780927990131,128
lowlevel.melbands128.skew[55].original,501,0.048848007950590695,129
lowlevel.gfcc.min[8].accompaniment,103,0.04850665609506923,130
lowlevel.erbbands.mean[8].accompaniment,69,0.04844255492245849,131
lowlevel.spectral_energyband_middle_low.mean.accompaniment,34,0.048075758506818986,132
lowlevel.mfcc.min[9].accompaniment,201,0.048034790905724434,133
lowlevel.erbbands_spread.skew.original,337,0.04781922804653503,134
lowlevel.melbands128.skew[56].original,502,0.047695409197344864,135
tonal.thpcp[4].vocal,962,0.04727453166555634,136
lowlevel.mfcc.min[8].original,540,0.04721134403182466,137
lowlevel.mfcc.max[3].original,524,0.047197953054534336,138
lowlevel.gfcc.median[6].vocal,801,0.04716951345843162,139
tonal.key_temperley.strength.original,387,0.04715698632657578,140
lowlevel.gfcc.kurt[3].accompaniment,81,0.047115868695190154,141
lowlevel.dissonance.mean.vocal,664,0.046609588727340216,142
tonal.thpcp[26].accompaniment,314,0.0465554415682505,143
lowlevel.gfcc.kurt[4].accompaniment,82,0.046544948648076435,144
lowlevel.erbbands.dmean2[20].vocal,739,0.04633817301163546,145
lowlevel.erbbands.mean[9].accompaniment,70,0.04623508789506736,146
lowlevel.erbbands_spread.median.vocal,673,0.045841502927993584,147
lowlevel.spectral_contrast_coeffs.skew[5].original,575,0.04581812564992368,148
lowlevel.mfcc.min[10].original,542,0.045771115650565956,149
lowlevel.mfcc.max[13].original,530,0.04552965384930866,150
lowlevel.barkbands.mean[6].original,394,0.04504368274388868,151
tonal.thpcp[14].accompaniment,309,0.04486738125426457,152
lowlevel.melbands128.skew[58].original,504,0.04452070228845809,153
lowlevel.mfcc.var[4].vocal,882,0.044245957712338295,154
lowlevel.barkbands.skew[12].accompaniment,61,0.04415276361445294,155
lowlevel.gfcc.max[11].original,431,0.04411597737286268,156
lowlevel.mfcc.min[9].original,541,0.044001789272414056,157
lowlevel.gfcc.max[13].accompaniment,98,0.043910464448023385,158
tonal.hpcp.median[17].original,630,0.043889142267954574,159
lowlevel.melbands128.skew[48].accompaniment,152,0.04370190782900446,160
tonal.tuning_equal_tempered_deviation.vocal,725,0.04348562453124704,161
lowlevel.gfcc.var[8].original,454,0.04335912952011526,162
lowlevel.melbands128.skew[54].original,500,0.04323112933346592,163
lowlevel.spectral_contrast_valleys.max[1].vocal,907,0.04320624198315862,164
lowlevel.mfcc.min[10].accompaniment,202,0.04303187549580764,165
lowlevel.pitch_salience.skew.original,353,0.043006568648356946,166
lowlevel.barkbands.max[6].accompaniment,53,0.04290843925149157,167
lowlevel.melbands128.median[7].original,489,0.0426120441287108,168
lowlevel.melbands128.skew[47].accompaniment,151,0.04201022487449517,169
lowlevel.barkbands.mean[7].original,395,0.041984828382140495,170
lowlevel.spectral_strongpeak.var.original,373,0.04177509712966392,171
lowlevel.mfcc.max[8].vocal,871,0.04155809528727666,172
lowlevel.melbands128.kurt[10].vocal,824,0.041502433222602,173
lowlevel.melbands.skew[17].accompaniment,125,0.04144363201896396,174
lowlevel.mfcc.max[9].vocal,872,0.0410664234062012,175
lowlevel.erbbands.max[27].accompaniment,67,0.04089840014375078,176
tonal.hpcp.median[26].original,635,0.0408944592061267,177
tonal.hpcp.median[36].original,642,0.040428948676508286,178
lowlevel.gfcc.var[7].vocal,812,0.0398904181247173,179
lowlevel.mfcc.max[10].vocal,873,0.039879596187977345,180
lowlevel.barkbands.skew[9].accompaniment,59,0.03948535120694769,181
lowlevel.loudness_ebu128.momentary.min.vocal,676,0.03918336403463467,182
lowlevel.spectral_contrast_coeffs.max[1].accompaniment,223,0.03898308258273187,183
lowlevel.melbands128.skew[42].accompaniment,150,0.038434159491572015,184
lowlevel.spectral_energyband_middle_low.max.accompaniment,33,0.038405826405695065,185
lowlevel.gfcc.min[7].vocal,805,0.03836132567521004,186
lowlevel.mfcc.max[11].accompaniment,189,0.03834751670239203,187
lowlevel.mfcc.var[1].vocal,880,0.03816005359585719,188
lowlevel.barkbands.dmean2[9].vocal,727,0.038033747782994266,189
lowlevel.spectral_energyband_low.median.original,359,0.03794047648195755,190
lowlevel.gfcc.min[12].accompaniment,107,0.03776235861753471,191
lowlevel.spectral_energyband_middle_low.mean.vocal,695,0.03762225741675784,192
rhythm.beats_loudness.skew.original,377,0.03745133114947853,193
lowlevel.spectral_energyband_middle_low.max.original,363,0.03743816375796787,194
lowlevel.mfcc.min[11].original,543,0.037063631313339805,195
lowlevel.mfcc.min[13].accompaniment,205,0.0370002388275528,196
tonal.thpcp[36].original,648,0.03696785873477138,197
tonal.thpcp[8].accompaniment,306,0.036822235180308,198
tonal.hpcp_crest.kurt.vocal,720,0.036778882897219194,199
lowlevel.spectral_entropy.kurt.accompaniment,35,0.036732693900798835,200
lowlevel.erbbands_crest.min.accompaniment,11,0.03658700880323825,201
lowlevel.melbands128.skew[91].original,511,0.036570535866905514,202
lowlevel.mfcc.var[3].vocal,881,0.03656721280621713,203
lowlevel.erbbands_kurtosis.median.accompaniment,15,0.03649538919483749,204
lowlevel.melbands128.skew[19].vocal,848,0.036432607084585504,205
lowlevel.erbbands.dmean2[13].vocal,737,0.035956364300464005,206
lowlevel.spectral_contrast_coeffs.kurt[4].accompaniment,221,0.035859348161023555,207
tonal.thpcp[29].accompaniment,315,0.035844486927706136,208
lowlevel.gfcc.max[12].accompaniment,97,0.03580454753836927,209
lowlevel.gfcc.min[2].vocal,802,0.03558181058266043,210
lowlevel.barkbands_crest.min.original,321,0.03532310162500792,211
tonal.thpcp[19].vocal,964,0.035174369540893154,212
tonal.thpcp[32].accompaniment,317,0.03480622300782707,213
lowlevel.melbands128.skew[32].accompaniment,147,0.03471130526055228,214
lowlevel.spectral_contrast_coeffs.kurt[4].original,562,0.03467386485869624,215
lowlevel.erbbands_kurtosis.max.original,331,0.034574846229133586,216
lowlevel.spectral_contrast_coeffs.min[3].vocal,898,0.03452973791960701,217
rhythm.beats_loudness_band_ratio.max[5].accompaniment,248,0.03427586271073819,218
lowlevel.gfcc.min[8].original,437,0.03407077264194602,219
tonal.thpcp[36].accompaniment,319,0.03376851389565667,220
tonal.hpcp.median[23].original,633,0.03359199489524875,221
lowlevel.barkbands.max[6].original,391,0.03327733435814238,222
lowlevel.melbands128.skew[38].accompaniment,149,0.03295204199031977,223
lowlevel.barkbands.dmean2[10].original,389,0.03272551849596701,224
lowlevel.mfcc.max[10].accompaniment,188,0.03259259175908284,225
lowlevel.mfcc.mean[12].original,533,0.03248291522508532,226
lowlevel.gfcc.min[10].accompaniment,105,0.03221286263008807,227
tonal.hpcp.median[3].original,624,0.03173725323597436,228
lowlevel.erbbands.dmean[23].vocal,734,0.03152382643361631,229
tonal.hpcp.median[21].accompaniment,300,0.0314800051609525,230
lowlevel.gfcc.min[13].accompaniment,108,0.03129248686007421,231
tonal.thpcp[6].accompaniment,305,0.031048230323426473,232
lowlevel.melbands128.skew[18].vocal,847,0.031034650889495363,233
lowlevel.erbbands_kurtosis.skew.accompaniment,16,0.031006663491686407,234
rhythm.beats_loudness_band_ratio.median[2].vocal,918,0.030771649330292635,235
lowlevel.gfcc.max[9].accompaniment,95,0.03037546688616303,236
lowlevel.melbands128.skew[45].original,498,0.030188915487759073,237
lowlevel.barkbands.skew[15].original,401,0.029437260109121417,238
lowlevel.mfcc.min[12].accompaniment,204,0.02943247191870813,239
tonal.key_temperley.scale.original,651,0.02880740740740809,240
lowlevel.melbands128.max[13].accompaniment,131,0.028447658666365852,241
lowlevel.erbbands_flatness_db.skew.accompaniment,14,0.027968601148337886,242
lowlevel.spectral_contrast_coeffs.kurt[2].original,560,0.027272075825870223,243
lowlevel.gfcc.var[8].vocal,813,0.026251862458751496,*
lowlevel.melbands128.skew[42].vocal,855,0.026251862458751496,*
lowlevel.melbands128.skew[20].vocal,849,0.026251862458751496,*
lowlevel.melbands128.skew[22].vocal,850,0.026251862458751496,*
lowlevel.mfcc.mean[10].original,531,0.026251862458751496,*
tonal.thpcp[12].vocal,963,0.026251862458751496,*
lowlevel.mfcc.min[5].original,537,0.026251862458751496,*
lowlevel.gfcc.var[11].vocal,816,0.026251862458751496,*
lowlevel.gfcc.var[9].vocal,814,0.026251862458751496,*
lowlevel.gfcc.var[10].vocal,815,0.026251862458751496,*
lowlevel.melbands128.skew[119].original,512,0.026251862458751496,*
tonal.hpcp.median[21].vocal,960,0.026251862458751496,*
lowlevel.mfcc.median[5].original,534,0.026251862458751496,*
tonal.thpcp[26].vocal,965,0.026251862458751496,*
lowlevel.melbands.kurt[27].vocal,820,0.026251862458751496,*
tonal.hpcp.skew[21].vocal,961,0.026251862458751496,*
lowlevel.mfcc.max[11].original,528,0.026251862458751496,*
tonal.chords_strength.max.vocal,718,0.026251862458751496,*
lowlevel.melbands128.max[42].original,479,0.026251862458751496,*
lowlevel.melbands128.skew[55].vocal,859,0.026251862458751496,*
lowlevel.gfcc.kurt[4].original,419,0.026251862458751496,*
lowlevel.spectral_contrast_coeffs.dvar2[6].vocal,892,0.026251862458751496,*
lowlevel.gfcc.min[13].original,442,0.026251862458751496,*
lowlevel.mfcc.var[5].vocal,883,0.026251862458751496,*
lowlevel.gfcc.min[10].original,439,0.026251862458751496,*
lowlevel.mfcc.var[6].vocal,884,0.026251862458751496,*
lowlevel.gfcc.max[13].original,433,0.026251862458751496,*
lowlevel.gfcc.max[12].original,432,0.026251862458751496,*
lowlevel.mfcc.var[7].vocal,885,0.026251862458751496,*
lowlevel.gfcc.max[10].original,430,0.026251862458751496,*
lowlevel.mfcc.var[9].vocal,887,0.026251862458751496,*
lowlevel.mfcc.kurt[1].vocal,862,0.026251862458751496,*
lowlevel.erbbands.var[25].original,418,0.026251862458751496,*
lowlevel.erbbands.var[9].original,414,0.026251862458751496,*
lowlevel.erbbands.var[8].original,413,0.026251862458751496,*
lowlevel.erbbands.median[9].original,410,0.026251862458751496,*
lowlevel.mfcc.var[10].vocal,888,0.026251862458751496,*
lowlevel.mfcc.var[11].vocal,889,0.026251862458751496,*
lowlevel.erbbands.dvar2[23].original,408,0.026251862458751496,*
lowlevel.erbbands.dvar[27].original,404,0.026251862458751496,*
lowlevel.erbbands.dmean2[12].original,403,0.026251862458751496,*
lowlevel.gfcc.skew[8].original,447,0.026251862458751496,*
lowlevel.spectral_contrast_coeffs.max[4].vocal,895,0.026251862458751496,*
lowlevel.mfcc.median[13].vocal,877,0.026251862458751496,*
lowlevel.melbands.max[15].original,459,0.026251862458751496,*
lowlevel.mfcc.kurt[2].vocal,863,0.026251862458751496,*
lowlevel.mfcc.kurt[4].vocal,865,0.026251862458751496,*
lowlevel.mfcc.max[4].vocal,867,0.026251862458751496,*
lowlevel.melbands128.skew[42].original,497,0.026251862458751496,*
lowlevel.melbands128.skew[38].original,496,0.026251862458751496,*
lowlevel.mfcc.max[5].vocal,868,0.026251862458751496,*
lowlevel.mfcc.max[6].vocal,869,0.026251862458751496,*
lowlevel.melbands128.max[50].original,484,0.026251862458751496,*
lowlevel.mfcc.max[7].vocal,870,0.026251862458751496,*
lowlevel.gfcc.var[6].vocal,811,0.026251862458751496,*
lowlevel.melbands128.max[24].original,477,0.026251862458751496,*
lowlevel.melbands128.max[21].original,476,0.026251862458751496,*
tonal.thpcp[29].vocal,966,0.026251862458751496,*
lowlevel.melbands128.max[19].original,475,0.026251862458751496,*
lowlevel.melbands128.max[17].original,474,0.026251862458751496,*
lowlevel.mfcc.max[11].vocal,874,0.026251862458751496,*
lowlevel.melbands128.kurt[92].original,472,0.026251862458751496,*
lowlevel.mfcc.max[13].vocal,876,0.026251862458751496,*
lowlevel.melbands.skew[17].original,461,0.026251862458751496,*
lowlevel.mfcc.min[7].original,539,0.026251862458751496,*
tonal.hpcp.kurt[23].vocal,954,0.026251862458751496,*
lowlevel.gfcc.var[5].vocal,810,0.026251862458751496,*
lowlevel.spectral_contrast_coeffs.var[5].vocal,903,0.026251862458751496,*
lowlevel.erbbands_skewness.kurt.vocal,671,0.026251862458751496,*
lowlevel.erbbands_kurtosis.skew.vocal,670,0.026251862458751496,*
lowlevel.erbbands_flatness_db.min.vocal,668,0.026251862458751496,*
lowlevel.spectral_contrast_coeffs.var[4].vocal,902,0.026251862458751496,*
lowlevel.spectral_contrast_coeffs.var[2].vocal,901,0.026251862458751496,*
lowlevel.spectral_contrast_coeffs.skew[6].vocal,899,0.026251862458751496,*
lowlevel.erbbands_flatness_db.max.vocal,666,0.026251862458751496,*
lowlevel.dissonance.min.vocal,665,0.026251862458751496,*
lowlevel.mfcc.var[12].vocal,890,0.026251862458751496,*
lowlevel.barkbands_spread.max.vocal,660,0.026251862458751496,*
lowlevel.barkbands_skewness.dmean.vocal,658,0.026251862458751496,*
lowlevel.barkbands_crest.min.vocal,652,0.026251862458751496,*
tonal.chords_scale.original,650,0.026251862458751496,*
tonal.thpcp[27].original,647,0.026251862458751496,*
tonal.thpcp[23].original,646,0.026251862458751496,*
lowlevel.erbbands.dmean2[11].vocal,736,0.026251862458751496,*
lowlevel.erbbands.median[20].vocal,767,0.026251862458751496,*
tonal.hpcp.median[32].original,639,0.026251862458751496,*
tonal.hpcp.median[30].original,638,0.026251862458751496,*
lowlevel.erbbands_skewness.skew.vocal,672,0.026251862458751496,*
lowlevel.melbands_skewness.skew.vocal,681,0.026251862458751496,*
lowlevel.erbbands.skew[1].vocal,773,0.026251862458751496,*
lowlevel.spectral_contrast_coeffs.var[6].vocal,904,0.026251862458751496,*
tonal.chords_changes_rate.vocal,714,0.026251862458751496,*
lowlevel.zerocrossingrate.median.vocal,711,0.026251862458751496,*
tonal.hpcp_crest.var.vocal,721,0.026251862458751496,*
lowlevel.spectral_skewness.min.vocal,706,0.026251862458751496,*
lowlevel.spectral_rolloff.min.vocal,704,0.026251862458751496,*
lowlevel.spectral_kurtosis.min.vocal,701,0.026251862458751496,*
lowlevel.spectral_entropy.skew.vocal,699,0.026251862458751496,*
lowlevel.spectral_entropy.min.vocal,698,0.026251862458751496,*
lowlevel.spectral_energyband_middle_low.median.vocal,696,0.026251862458751496,*
lowlevel.barkbands.dmean2[11].vocal,728,0.026251862458751496,*
lowlevel.barkbands.dmean2[14].vocal,730,0.026251862458751496,*
lowlevel.barkbands.mean[5].vocal,732,0.026251862458751496,*
rhythm.beats_loudness_band_ratio.dvar2[3].vocal,910,0.026251862458751496,*
lowlevel.spectral_contrast_valleys.var[1].vocal,908,0.026251862458751496,*
lowlevel.spectral_contrast_valleys.dmean2[1].vocal,905,0.026251862458751496,*
lowlevel.silence_rate_30dB.var.vocal,687,0.026251862458751496,*
lowlevel.silence_rate_30dB.min.vocal,686,0.026251862458751496,*
lowlevel.pitch_salience.max.vocal,684,0.026251862458751496,*
lowlevel.pitch_salience.kurt.vocal,683,0.026251862458751496,*
lowlevel.erbbands.median[26].vocal,768,0.026251862458751496,*
lowlevel.erbbands.skew[37].vocal,774,0.026251862458751496,*
lowlevel.gfcc.skew[11].vocal,807,0.026251862458751496,*
tonal.hpcp.dmean[5].vocal,947,0.026251862458751496,*
rhythm.beats_loudness_band_ratio.kurt[3].original,590,0.026251862458751496,*
rhythm.beats_loudness_band_ratio.kurt[2].original,589,0.026251862458751496,*
rhythm.beats_loudness_band_ratio.dvar[4].original,587,0.026251862458751496,*
lowlevel.spectral_contrast_valleys.max[2].original,580,0.026251862458751496,*
lowlevel.spectral_contrast_valleys.kurt[6].original,579,0.026251862458751496,*
lowlevel.spectral_contrast_valleys.dvar2[6].original,578,0.026251862458751496,*
lowlevel.spectral_contrast_coeffs.var[6].original,577,0.026251862458751496,*
lowlevel.gfcc.max[10].vocal,797,0.026251862458751496,*
lowlevel.spectral_contrast_coeffs.skew[4].original,574,0.026251862458751496,*
lowlevel.spectral_contrast_coeffs.skew[3].original,573,0.026251862458751496,*
lowlevel.spectral_contrast_coeffs.skew[1].original,572,0.026251862458751496,*
lowlevel.gfcc.max[11].vocal,798,0.026251862458751496,*
tonal.chords_number_rate.vocal,715,0.026251862458751496,*
lowlevel.spectral_contrast_coeffs.kurt[3].original,561,0.026251862458751496,*
lowlevel.gfcc.max[12].vocal,799,0.026251862458751496,*
lowlevel.mfcc.min[13].original,545,0.026251862458751496,*
tonal.hpcp.kurt[26].vocal,957,0.026251862458751496,*
lowlevel.gfcc.min[5].vocal,804,0.026251862458751496,*
lowlevel.gfcc.skew[9].vocal,806,0.026251862458751496,*
lowlevel.gfcc.max[8].vocal,795,0.026251862458751496,*
tonal.chords_histogram[13].vocal,935,0.026251862458751496,*
lowlevel.gfcc.kurt[1].vocal,780,0.026251862458751496,*
rhythm.beats_loudness_band_ratio.var[6].vocal,922,0.026251862458751496,*
lowlevel.gfcc.kurt[2].vocal,781,0.026251862458751496,*
lowlevel.gfcc.kurt[4].vocal,782,0.026251862458751496,*
lowlevel.gfcc.kurt[5].vocal,783,0.026251862458751496,*
lowlevel.gfcc.kurt[6].vocal,784,0.026251862458751496,*
lowlevel.gfcc.kurt[12].vocal,790,0.026251862458751496,*
lowlevel.gfcc.max[3].vocal,792,0.026251862458751496,*
tonal.hpcp.median[11].original,627,0.026251862458751496,*
tonal.hpcp.median[8].original,626,0.026251862458751496,*
tonal.hpcp.median[5].original,625,0.026251862458751496,*
tonal.hpcp.median[2].original,623,0.026251862458751496,*
tonal.chords_histogram[2].original,600,0.026251862458751496,*
rhythm.beats_loudness_band_ratio.median[4].vocal,919,0.026251862458751496,*
rhythm.beats_loudness_band_ratio.min[1].original,596,0.026251862458751496,*
rhythm.beats_loudness_band_ratio.median[4].original,595,0.026251862458751496,*
rhythm.beats_loudness_band_ratio.max[6].original,594,0.026251862458751496,*
rhythm.beats_loudness_band_ratio.kurt[6].original,593,0.026251862458751496,*
rhythm.beats_loudness_band_ratio.kurt[5].original,592,0.026251862458751496,*
rhythm.beats_loudness_band_ratio.median[6].vocal,920,0.026251862458751496,*
lowlevel.gfcc.max[7].vocal,794,0.026251862458751496,*
lowlevel.barkbands_spread.skew.vocal,661,0.026251862458751496,*
lowlevel.melbands128.max[54].original,486,0.026251862458751496,*
lowlevel.barkbands.skew[13].original,400,0.026251862458751496,*
lowlevel.spectral_skewness.kurt.original,368,0.026251862458751496,*
lowlevel.hfc.var.original,339,0.026251862458751496,*
lowlevel.loudness_ebu128.short_term.kurt.original,343,0.026251862458751496,*
tonal.chords_histogram[3].accompaniment,254,0.026251862458751496,*
tonal.chords_histogram[1].accompaniment,253,0.026251862458751496,*
lowlevel.erbbands.mean[12].accompaniment,71,0.026251862458751496,*
lowlevel.erbbands.max[31].accompaniment,68,0.026251862458751496,*
lowlevel.melbands_skewness.min.original,350,0.026251862458751496,*
lowlevel.melbands_spread.max.original,351,0.026251862458751496,*
lowlevel.erbbands.max[11].accompaniment,66,0.026251862458751496,*
rhythm.beats_loudness_band_ratio.max[4].accompaniment,247,0.026251862458751496,*
rhythm.beats_loudness_band_ratio.kurt[5].accompaniment,245,0.026251862458751496,*
lowlevel.barkbands.skew[10].accompaniment,60,0.026251862458751496,*
lowlevel.barkbands.max[21].accompaniment,57,0.026251862458751496,*
lowlevel.barkbands.max[11].accompaniment,55,0.026251862458751496,*
rhythm.beats_loudness_band_ratio.dvar[1].accompaniment,240,0.026251862458751496,*
lowlevel.barkbands.max[9].accompaniment,54,0.026251862458751496,*
tonal.tuning_frequency.accompaniment,52,0.026251862458751496,*
tonal.hpcp_entropy.kurt.accompaniment,49,0.026251862458751496,*
tonal.hpcp_crest.max.accompaniment,48,0.026251862458751496,*
lowlevel.spectral_complexity.kurt.original,358,0.026251862458751496,*
lowlevel.spectral_energyband_middle_high.max.original,360,0.026251862458751496,*
rhythm.bpm.accompaniment,43,0.026251862458751496,*
lowlevel.spectral_contrast_coeffs.var[6].accompaniment,236,0.026251862458751496,*
lowlevel.spectral_kurtosis.min.accompaniment,39,0.026251862458751496,*
lowlevel.spectral_kurtosis.kurt.accompaniment,38,0.026251862458751496,*
lowlevel.erbbands.var[26].accompaniment,79,0.026251862458751496,*
lowlevel.erbbands_kurtosis.skew.original,333,0.026251862458751496,*
lowlevel.erbbands_kurtosis.min.original,332,0.026251862458751496,*
lowlevel.melbands128.kurt[90].accompaniment,130,0.026251862458751496,*
tonal.hpcp.kurt[12].accompaniment,284,0.026251862458751496,*
tonal.hpcp.kurt[14].accompaniment,285,0.026251862458751496,*
lowlevel.gfcc.skew[6].accompaniment,111,0.026251862458751496,*
lowlevel.gfcc.min[11].accompaniment,106,0.026251862458751496,*
lowlevel.gfcc.skew[7].accompaniment,112,0.026251862458751496,*
lowlevel.gfcc.skew[9].accompaniment,114,0.026251862458751496,*
tonal.hpcp.kurt[19].accompaniment,289,0.026251862458751496,*
lowlevel.melbands.kurt[2].accompaniment,119,0.026251862458751496,*
lowlevel.melbands.kurt[37].accompaniment,120,0.026251862458751496,*
lowlevel.melbands.skew[12].accompaniment,123,0.026251862458751496,*
lowlevel.melbands.skew[16].accompaniment,124,0.026251862458751496,*
lowlevel.gfcc.min[9].accompaniment,104,0.026251862458751496,*
lowlevel.gfcc.max[4].accompaniment,92,0.026251862458751496,*
lowlevel.gfcc.min[6].accompaniment,102,0.026251862458751496,*
lowlevel.gfcc.median[5].accompaniment,100,0.026251862458751496,*
tonal.hpcp.kurt[33].accompaniment,298,0.026251862458751496,*
tonal.hpcp.var[16].accompaniment,301,0.026251862458751496,*
tonal.hpcp.var[31].accompaniment,302,0.026251862458751496,*
tonal.thpcp[17].accompaniment,310,0.026251862458751496,*
tonal.thpcp[21].accompaniment,312,0.026251862458751496,*
tonal.thpcp[23].accompaniment,313,0.026251862458751496,*
tonal.thpcp[30].accompaniment,316,0.026251862458751496,*
lowlevel.gfcc.mean[10].accompaniment,99,0.026251862458751496,*
lowlevel.gfcc.max[7].accompaniment,93,0.026251862458751496,*
lowlevel.spectral_contrast_coeffs.skew[2].accompaniment,233,0.026251862458751496,*
lowlevel.silence_rate_30dB.min.original,354,0.026251862458751496,*
lowlevel.gfcc.skew[4].accompaniment,109,0.026251862458751496,*
lowlevel.melbands128.skew[104].accompaniment,171,0.026251862458751496,*
lowlevel.spectral_contrast_coeffs.kurt[2].accompaniment,219,0.026251862458751496,*
lowlevel.melbands128.skew[27].accompaniment,146,0.026251862458751496,*
lowlevel.mfcc.median[10].accompaniment,195,0.026251862458751496,*
rhythm.beats_loudness.max.original,375,0.026251862458751496,*
lowlevel.loudness_ebu128.short_term.kurt.accompaniment,21,0.026251862458751496,*
lowlevel.mfcc.var[1].accompaniment,217,0.026251862458751496,*
lowlevel.melbands128.skew[103].accompaniment,170,0.026251862458751496,*
lowlevel.mfcc.min[5].accompaniment,197,0.026251862458751496,*
lowlevel.barkbands_spread.kurt.accompaniment,7,0.026251862458751496,*
lowlevel.mfcc.kurt[3].accompaniment,173,0.026251862458751496,*
lowlevel.mfcc.kurt[4].accompaniment,174,0.026251862458751496,*
lowlevel.mfcc.kurt[5].accompaniment,175,0.026251862458751496,*
lowlevel.mfcc.min[7].accompaniment,199,0.026251862458751496,*
tonal.tuning_frequency.original,388,0.026251862458751496,*
tonal.hpcp_crest.max.original,385,0.026251862458751496,*
lowlevel.mfcc.skew[4].accompaniment,207,0.026251862458751496,*
lowlevel.spectral_contrast_coeffs.kurt[3].accompaniment,220,0.026251862458751496,*
lowlevel.melbands128.skew[34].accompaniment,148,0.026251862458751496,*
lowlevel.mfcc.max[6].accompaniment,185,0.026251862458751496,*
lowlevel.mfcc.mean[11].accompaniment,193,0.026251862458751496,*
lowlevel.mfcc.mean[9].accompaniment,192,0.026251862458751496,*
lowlevel.barkbands_kurtosis.min.accompaniment,4,0.026251862458751496,*
lowlevel.pitch_salience.kurt.accompaniment,26,0.026251862458751496,*
lowlevel.mfcc.max[5].accompaniment,184,0.026251862458751496,*
lowlevel.mfcc.max[8].accompaniment,186,0.026251862458751496,*
lowlevel.spectral_strongpeak.kurt.original,372,0.026251862458751496,*
lowlevel.gfcc.kurt[10].vocal,788,0.025231649091632766,*
tonal.hpcp_entropy.kurt.vocal,722,0.025231649091632766,*
lowlevel.spectral_strongpeak.kurt.vocal,710,0.025231649091632766,*
lowlevel.gfcc.kurt[13].vocal,791,0.025231649091632766,*
lowlevel.melbands128.max[45].accompaniment,135,0.025231649091632766,*
lowlevel.melbands128.max[43].accompaniment,134,0.025231649091632766,*
tonal.chords_strength.kurt.vocal,717,0.025231649091632766,*
lowlevel.gfcc.kurt[7].vocal,785,0.025231649091632766,*
lowlevel.gfcc.kurt[8].vocal,786,0.025231649091632766,*
lowlevel.gfcc.kurt[9].vocal,787,0.025231649091632766,*
lowlevel.mfcc.kurt[11].accompaniment,181,0.025231649091632766,*
tonal.chords_strength.min.vocal,719,0.025231649091632766,*
lowlevel.mfcc.kurt[10].accompaniment,180,0.025231649091632766,*
lowlevel.melbands128.max[27].accompaniment,132,0.025231649091632766,*
lowlevel.mfcc.kurt[9].accompaniment,179,0.025231649091632766,*
lowlevel.melbands128.max[42].accompaniment,133,0.025231649091632766,*
lowlevel.gfcc.kurt[11].vocal,789,0.025231649091632766,*
lowlevel.gfcc.var[12].vocal,817,0.025231649091632766,*
lowlevel.gfcc.skew[13].accompaniment,118,0.025231649091632766,*
tonal.chords_strength.dvar2.vocal,716,0.025231649091632766,*
lowlevel.gfcc.skew[5].accompaniment,110,0.025231649091632766,*
lowlevel.melbands.max[15].accompaniment,121,0.025231649091632766,*
lowlevel.melbands.max[16].accompaniment,122,0.025231649091632766,*
lowlevel.gfcc.skew[12].accompaniment,117,0.025231649091632766,*
lowlevel.gfcc.skew[13].vocal,808,0.025231649091632766,*
lowlevel.gfcc.var[3].vocal,809,0.025231649091632766,*
lowlevel.mfcc.kurt[13].accompaniment,183,0.025231649091632766,*
lowlevel.gfcc.max[13].vocal,800,0.025231649091632766,*
lowlevel.gfcc.skew[11].accompaniment,116,0.025231649091632766,*
lowlevel.melbands128.kurt[8].accompaniment,126,0.025231649091632766,*
lowlevel.melbands128.kurt[12].accompaniment,127,0.025231649091632766,*
lowlevel.gfcc.skew[10].accompaniment,115,0.025231649091632766,*
lowlevel.melbands128.kurt[16].accompaniment,128,0.025231649091632766,*
lowlevel.melbands128.kurt[17].accompaniment,129,0.025231649091632766,*
lowlevel.mfcc.kurt[12].accompaniment,182,0.025231649091632766,*
lowlevel.gfcc.skew[8].accompaniment,113,0.025231649091632766,*
lowlevel.gfcc.max[5].vocal,793,0.025231649091632766,*
rhythm.beats_count.vocal,713,0.025231649091632766,*
lowlevel.melbands128.max[48].accompaniment,136,0.025231649091632766,*
lowlevel.erbbands.dvar2[24].vocal,747,0.025231649091632766,*
tonal.hpcp_entropy.var.vocal,723,0.025231649091632766,*
lowlevel.melbands128.max[49].accompaniment,137,0.025231649091632766,*
lowlevel.erbbands.median[5].vocal,762,0.025231649091632766,*
lowlevel.erbbands.median[4].vocal,761,0.025231649091632766,*
lowlevel.erbbands.mean[28].vocal,760,0.025231649091632766,*
lowlevel.melbands128.skew[23].accompaniment,145,0.025231649091632766,*
lowlevel.melbands128.skew[21].accompaniment,144,0.025231649091632766,*
lowlevel.erbbands.dvar[16].vocal,740,0.025231649091632766,*
lowlevel.erbbands.mean[9].vocal,759,0.025231649091632766,*
lowlevel.erbbands.dvar[19].vocal,741,0.025231649091632766,*
lowlevel.erbbands.dvar2[3].vocal,742,0.025231649091632766,*
lowlevel.erbbands.mean[8].vocal,758,0.025231649091632766,*
lowlevel.erbbands.mean[4].vocal,757,0.025231649091632766,*
lowlevel.erbbands.dvar2[9].vocal,743,0.025231649091632766,*
lowlevel.erbbands.max[38].vocal,756,0.025231649091632766,*
lowlevel.erbbands.max[1].vocal,755,0.025231649091632766,*
lowlevel.erbbands.dvar2[12].vocal,744,0.025231649091632766,*
lowlevel.erbbands.dvar2[13].vocal,745,0.025231649091632766,*
lowlevel.erbbands.kurt[16].vocal,754,0.025231649091632766,*
lowlevel.erbbands.kurt[15].vocal,753,0.025231649091632766,*
lowlevel.erbbands.dvar2[23].vocal,746,0.025231649091632766,*
lowlevel.erbbands.kurt[14].vocal,752,0.025231649091632766,*
lowlevel.erbbands.kurt[13].vocal,751,0.025231649091632766,*
lowlevel.erbbands.dvar2[32].vocal,750,0.025231649091632766,*
lowlevel.erbbands.dvar2[29].vocal,749,0.025231649091632766,*
lowlevel.gfcc.var[13].vocal,818,0.025231649091632766,*
lowlevel.erbbands.median[7].vocal,763,0.025231649091632766,*
lowlevel.erbbands.dmean2[5].vocal,735,0.025231649091632766,*
lowlevel.erbbands.median[31].vocal,770,0.025231649091632766,*
lowlevel.melbands128.max[50].accompaniment,138,0.025231649091632766,*
lowlevel.melbands128.max[52].accompaniment,139,0.025231649091632766,*
lowlevel.erbbands.var[31].vocal,778,0.025231649091632766,*
lowlevel.erbbands.var[16].vocal,777,0.025231649091632766,*
lowlevel.erbbands.dvar2[25].vocal,748,0.025231649091632766,*
lowlevel.erbbands.var[6].vocal,775,0.025231649091632766,*
lowlevel.melbands128.max[54].accompaniment,140,0.025231649091632766,*
lowlevel.melbands128.skew[14].accompaniment,141,0.025231649091632766,*
lowlevel.erbbands.median[34].vocal,772,0.025231649091632766,*
lowlevel.erbbands.median[32].vocal,771,0.025231649091632766,*
lowlevel.mfcc.kurt[8].accompaniment,178,0.025231649091632766,*
lowlevel.erbbands.median[8].vocal,764,0.025231649091632766,*
lowlevel.mfcc.kurt[7].accompaniment,177,0.025231649091632766,*
lowlevel.erbbands.median[28].vocal,769,0.025231649091632766,*
lowlevel.melbands128.skew[15].accompaniment,142,0.025231649091632766,*
tonal.tuning_frequency.vocal,726,0.025231649091632766,*
lowlevel.melbands128.skew[20].accompaniment,143,0.025231649091632766,*
lowlevel.mfcc.kurt[6].accompaniment,176,0.025231649091632766,*
lowlevel.erbbands.median[17].vocal,766,0.025231649091632766,*
lowlevel.barkbands.max[18].vocal,731,0.025231649091632766,*
lowlevel.melbands128.skew[111].accompaniment,172,0.025231649091632766,*
lowlevel.erbbands.median[9].vocal,765,0.025231649091632766,*
lowlevel.erbbands.var[10].vocal,776,0.025231649091632766,*
lowlevel.melbands128.kurt[104].vocal,841,0.025231649091632766,*
lowlevel.melbands.kurt[22].vocal,819,0.025231649091632766,*
lowlevel.melbands_kurtosis.min.accompaniment,24,0.025231649091632766,*
lowlevel.melbands_flatness_db.min.accompaniment,23,0.025231649091632766,*
tonal.chords_histogram[12].vocal,934,0.025231649091632766,*
tonal.chords_histogram[11].vocal,933,0.025231649091632766,*
tonal.chords_histogram[10].vocal,932,0.025231649091632766,*
tonal.chords_histogram[9].vocal,931,0.025231649091632766,*
tonal.chords_histogram[8].vocal,930,0.025231649091632766,*
tonal.chords_histogram[7].vocal,929,0.025231649091632766,*
tonal.chords_histogram[6].vocal,928,0.025231649091632766,*
tonal.chords_histogram[5].vocal,927,0.025231649091632766,*
tonal.chords_histogram[4].vocal,926,0.025231649091632766,*
tonal.chords_histogram[3].vocal,925,0.025231649091632766,*
tonal.chords_histogram[2].vocal,924,0.025231649091632766,*
tonal.chords_histogram[1].vocal,923,0.025231649091632766,*
lowlevel.melbands_skewness.min.accompaniment,25,0.025231649091632766,*
tonal.chords_histogram[15].vocal,937,0.025231649091632766,*
lowlevel.pitch_salience.max.accompaniment,27,0.025231649091632766,*
lowlevel.silence_rate_30dB.kurt.accompaniment,28,0.025231649091632766,*
rhythm.beats_loudness_band_ratio.kurt[6].vocal,917,0.025231649091632766,*
rhythm.beats_loudness_band_ratio.kurt[5].vocal,916,0.025231649091632766,*
rhythm.beats_loudness_band_ratio.kurt[4].vocal,915,0.025231649091632766,*
rhythm.beats_loudness_band_ratio.kurt[3].vocal,914,0.025231649091632766,*
lowlevel.spectral_energy.max.accompaniment,29,0.025231649091632766,*
lowlevel.spectral_energyband_middle_high.max.accompaniment,30,0.025231649091632766,*
lowlevel.spectral_energyband_middle_low.kurt.accompaniment,32,0.025231649091632766,*
lowlevel.spectral_rolloff.min.accompaniment,41,0.025231649091632766,*
lowlevel.spectral_strongpeak.kurt.accompaniment,42,0.025231649091632766,*
lowlevel.spectral_contrast_valleys.kurt[6].vocal,906,0.025231649091632766,*
tonal.chords_strength.min.accompaniment,45,0.025231649091632766,*
tonal.chords_histogram[14].vocal,936,0.025231649091632766,*
tonal.chords_histogram[16].vocal,938,0.025231649091632766,*
tonal.chords_strength.var.accompaniment,47,0.025231649091632766,*
tonal.hpcp.kurt[24].vocal,955,0.025231649091632766,*
tonal.key_edma.key.vocal,970,0.025231649091632766,*
tonal.chords_scale.vocal,969,0.025231649091632766,*
tonal.chords_key.vocal,968,0.025231649091632766,*
lowlevel.barkbands_flatness_db.min.accompaniment,2,0.025231649091632766,*
lowlevel.barkbands_kurtosis.skew.accompaniment,5,0.025231649091632766,*
lowlevel.barkbands_kurtosis.var.accompaniment,6,0.025231649091632766,*
lowlevel.dissonance.kurt.accompaniment,8,0.025231649091632766,*
lowlevel.erbbands_flatness_db.kurt.accompaniment,12,0.025231649091632766,*
lowlevel.erbbands_flatness_db.min.accompaniment,13,0.025231649091632766,*
tonal.hpcp.kurt[33].vocal,959,0.025231649091632766,*
tonal.hpcp.kurt[31].vocal,958,0.025231649091632766,*
lowlevel.erbbands_skewness.kurt.accompaniment,17,0.025231649091632766,*
tonal.hpcp.kurt[25].vocal,956,0.025231649091632766,*
lowlevel.erbbands_skewness.skew.accompaniment,18,0.025231649091632766,*
tonal.chords_histogram[17].vocal,939,0.025231649091632766,*
tonal.hpcp.kurt[13].vocal,953,0.025231649091632766,*
tonal.hpcp.kurt[11].vocal,952,0.025231649091632766,*
tonal.hpcp.kurt[7].vocal,951,0.025231649091632766,*
tonal.hpcp.kurt[5].vocal,950,0.025231649091632766,*
lowlevel.loudness_ebu128.short_term.dvar2.accompaniment,20,0.025231649091632766,*
lowlevel.loudness_ebu128.short_term.var.accompaniment,22,0.025231649091632766,*
tonal.chords_histogram[24].vocal,946,0.025231649091632766,*
tonal.chords_histogram[23].vocal,945,0.025231649091632766,*
tonal.chords_histogram[22].vocal,944,0.025231649091632766,*
tonal.chords_histogram[21].vocal,943,0.025231649091632766,*
tonal.chords_histogram[20].vocal,942,0.025231649091632766,*
tonal.chords_histogram[19].vocal,941,0.025231649091632766,*
tonal.chords_histogram[18].vocal,940,0.025231649091632766,*
tonal.chords_strength.skew.accompaniment,46,0.025231649091632766,*
lowlevel.spectral_contrast_coeffs.min[1].vocal,897,0.025231649091632766,*
lowlevel.melbands.kurt[29].vocal,821,0.025231649091632766,*
lowlevel.melbands128.kurt[82].vocal,837,0.025231649091632766,*
lowlevel.melbands128.skew[38].vocal,853,0.025231649091632766,*
lowlevel.melbands128.skew[29].vocal,852,0.025231649091632766,*
lowlevel.melbands128.skew[26].vocal,851,0.025231649091632766,*
lowlevel.gfcc.min[2].accompaniment,101,0.025231649091632766,*
lowlevel.melbands128.skew[4].vocal,846,0.025231649091632766,*
lowlevel.melbands128.max[59].vocal,845,0.025231649091632766,*
lowlevel.melbands128.max[18].vocal,844,0.025231649091632766,*
lowlevel.melbands128.max[9].vocal,843,0.025231649091632766,*
lowlevel.melbands128.kurt[105].vocal,842,0.025231649091632766,*
lowlevel.spectral_spread.min.vocal,707,0.025231649091632766,*
lowlevel.melbands128.kurt[103].vocal,840,0.025231649091632766,*
lowlevel.melbands128.kurt[95].vocal,839,0.025231649091632766,*
lowlevel.melbands128.kurt[94].vocal,838,0.025231649091632766,*
lowlevel.melbands128.kurt[76].vocal,836,0.025231649091632766,*
lowlevel.melbands128.skew[49].vocal,856,0.025231649091632766,*
lowlevel.melbands128.kurt[75].vocal,835,0.025231649091632766,*
lowlevel.melbands128.kurt[63].vocal,834,0.025231649091632766,*
lowlevel.melbands128.kurt[61].vocal,833,0.025231649091632766,*
lowlevel.melbands128.kurt[54].vocal,832,0.025231649091632766,*
lowlevel.melbands128.kurt[53].vocal,831,0.025231649091632766,*
lowlevel.melbands128.kurt[48].vocal,830,0.025231649091632766,*
lowlevel.melbands128.kurt[46].vocal,829,0.025231649091632766,*
lowlevel.melbands128.kurt[45].vocal,828,0.025231649091632766,*
lowlevel.melbands128.kurt[44].vocal,827,0.025231649091632766,*
lowlevel.melbands128.kurt[40].vocal,826,0.025231649091632766,*
lowlevel.melbands128.kurt[35].vocal,825,0.025231649091632766,*
lowlevel.melbands128.kurt[5].vocal,823,0.025231649091632766,*
lowlevel.melbands128.kurt[1].vocal,822,0.025231649091632766,*
lowlevel.melbands128.skew[39].vocal,854,0.025231649091632766,*
lowlevel.melbands128.skew[50].vocal,857,0.025231649091632766,*
lowlevel.barkbands.max[12].accompaniment,56,0.025231649091632766,*
lowlevel.gfcc.kurt[2].accompaniment,80,0.025231649091632766,*
lowlevel.spectral_contrast_coeffs.kurt[6].vocal,894,0.025231649091632766,*
lowlevel.spectral_contrast_coeffs.kurt[4].vocal,893,0.025231649091632766,*
lowlevel.barkbands.mean[10].accompaniment,58,0.025231649091632766,*
lowlevel.erbbands.dvar2[20].accompaniment,62,0.025231649091632766,*
lowlevel.erbbands.dvar2[23].accompaniment,63,0.025231649091632766,*
lowlevel.erbbands.dvar2[24].accompaniment,64,0.025231649091632766,*
lowlevel.erbbands.kurt[38].accompaniment,65,0.025231649091632766,*
lowlevel.erbbands.skew[7].accompaniment,73,0.025231649091632766,*
lowlevel.erbbands.var[4].accompaniment,74,0.025231649091632766,*
lowlevel.erbbands.var[6].accompaniment,75,0.025231649091632766,*
lowlevel.erbbands.var[13].accompaniment,76,0.025231649091632766,*
lowlevel.erbbands.var[16].accompaniment,77,0.025231649091632766,*
lowlevel.erbbands.var[25].accompaniment,78,0.025231649091632766,*
lowlevel.gfcc.kurt[5].accompaniment,83,0.025231649091632766,*
lowlevel.melbands128.skew[51].vocal,858,0.025231649091632766,*
lowlevel.gfcc.kurt[6].accompaniment,84,0.025231649091632766,*
lowlevel.gfcc.kurt[7].accompaniment,85,0.025231649091632766,*
lowlevel.gfcc.kurt[8].accompaniment,86,0.025231649091632766,*
lowlevel.gfcc.kurt[9].accompaniment,87,0.025231649091632766,*
lowlevel.gfcc.kurt[10].accompaniment,88,0.025231649091632766,*
lowlevel.gfcc.kurt[11].accompaniment,89,0.025231649091632766,*
lowlevel.gfcc.kurt[12].accompaniment,90,0.025231649091632766,*
lowlevel.mfcc.kurt[7].vocal,866,0.025231649091632766,*
lowlevel.gfcc.kurt[13].accompaniment,91,0.025231649091632766,*
lowlevel.mfcc.kurt[3].vocal,864,0.025231649091632766,*
lowlevel.melbands128.skew[86].vocal,861,0.025231649091632766,*
lowlevel.melbands128.skew[84].vocal,860,0.025231649091632766,*
lowlevel.gfcc.max[8].accompaniment,94,0.025231649091632766,*
lowlevel.spectral_spread.skew.vocal,708,0.025231649091632766,*
lowlevel.mfcc.skew[6].accompaniment,209,0.025231649091632766,*
lowlevel.mfcc.max[9].accompaniment,187,0.025231649091632766,*
lowlevel.melbands128.skew[26].original,492,0.025231649091632766,*
lowlevel.erbbands_flatness_db.min.original,330,0.025231649091632766,*
lowlevel.erbbands_skewness.kurt.original,334,0.025231649091632766,*
lowlevel.erbbands_skewness.min.original,335,0.025231649091632766,*
lowlevel.erbbands_skewness.skew.original,336,0.025231649091632766,*
lowlevel.loudness_ebu128.short_term.dvar.original,342,0.025231649091632766,*
lowlevel.melbands_crest.min.original,345,0.025231649091632766,*
lowlevel.melbands_flatness_db.kurt.original,346,0.025231649091632766,*
lowlevel.melbands_flatness_db.min.original,347,0.025231649091632766,*
lowlevel.melbands_kurtosis.dvar2.original,348,0.025231649091632766,*
lowlevel.melbands_kurtosis.min.original,349,0.025231649091632766,*
lowlevel.pitch_salience.max.original,352,0.025231649091632766,*
lowlevel.melbands128.skew[37].original,495,0.025231649091632766,*
lowlevel.melbands128.skew[35].original,494,0.025231649091632766,*
lowlevel.melbands128.skew[27].original,493,0.025231649091632766,*
lowlevel.melbands128.skew[21].original,491,0.025231649091632766,*
lowlevel.mfcc.skew[11].original,554,0.025231649091632766,*
lowlevel.melbands128.skew[12].original,490,0.025231649091632766,*
lowlevel.melbands128.max[58].original,488,0.025231649091632766,*
lowlevel.melbands128.max[57].original,487,0.025231649091632766,*
lowlevel.barkbands_flatness_db.kurt.accompaniment,1,0.025231649091632766,*
lowlevel.melbands128.max[52].original,485,0.025231649091632766,*
lowlevel.silence_rate_30dB.skew.original,355,0.025231649091632766,*
lowlevel.melbands128.max[48].original,483,0.025231649091632766,*
lowlevel.melbands128.max[46].original,482,0.025231649091632766,*
lowlevel.melbands128.max[45].original,481,0.025231649091632766,*
lowlevel.melbands128.max[43].original,480,0.025231649091632766,*
lowlevel.spectral_centroid.max.original,357,0.025231649091632766,*
lowlevel.melbands128.max[34].original,478,0.025231649091632766,*
lowlevel.spectral_energyband_middle_low.kurt.original,362,0.025231649091632766,*
lowlevel.spectral_entropy.max.original,364,0.025231649091632766,*
lowlevel.mfcc.kurt[3].original,513,0.025231649091632766,*
lowlevel.mfcc.kurt[4].original,514,0.025231649091632766,*
lowlevel.mfcc.kurt[5].original,515,0.025231649091632766,*
lowlevel.mfcc.kurt[6].original,516,0.025231649091632766,*
lowlevel.mfcc.skew[9].original,552,0.025231649091632766,*
lowlevel.mfcc.skew[8].original,551,0.025231649091632766,*
lowlevel.mfcc.skew[7].original,550,0.025231649091632766,*
lowlevel.mfcc.skew[6].original,549,0.025231649091632766,*
lowlevel.mfcc.skew[5].original,548,0.025231649091632766,*
lowlevel.mfcc.skew[4].original,547,0.025231649091632766,*
lowlevel.mfcc.skew[3].original,546,0.025231649091632766,*
tonal.hpcp.kurt[30].accompaniment,296,0.025231649091632766,*
tonal.hpcp.kurt[32].accompaniment,297,0.025231649091632766,*
tonal.hpcp.kurt[34].accompaniment,299,0.025231649091632766,*
lowlevel.mfcc.median[13].original,535,0.025231649091632766,*
tonal.key_krumhansl.key.accompaniment,320,0.025231649091632766,*
lowlevel.barkbands_flatness_db.min.original,322,0.025231649091632766,*
lowlevel.mfcc.mean[11].original,532,0.025231649091632766,*
lowlevel.barkbands_kurtosis.min.original,324,0.025231649091632766,*
lowlevel.barkbands_kurtosis.skew.original,325,0.025231649091632766,*
lowlevel.mfcc.max[12].original,529,0.025231649091632766,*
lowlevel.dissonance.kurt.original,326,0.025231649091632766,*
lowlevel.mfcc.max[10].original,527,0.025231649091632766,*
lowlevel.mfcc.max[9].original,526,0.025231649091632766,*
lowlevel.mfcc.max[7].original,525,0.025231649091632766,*
lowlevel.erbbands_flatness_db.kurt.original,329,0.025231649091632766,*
lowlevel.mfcc.kurt[13].original,523,0.025231649091632766,*
lowlevel.mfcc.kurt[12].original,522,0.025231649091632766,*
lowlevel.mfcc.kurt[11].original,521,0.025231649091632766,*
lowlevel.mfcc.kurt[10].original,520,0.025231649091632766,*
lowlevel.mfcc.kurt[9].original,519,0.025231649091632766,*
lowlevel.mfcc.kurt[8].original,518,0.025231649091632766,*
lowlevel.mfcc.kurt[7].original,517,0.025231649091632766,*
lowlevel.melbands128.kurt[103].original,473,0.025231649091632766,*
lowlevel.spectral_kurtosis.min.original,366,0.025231649091632766,*
lowlevel.melbands128.kurt[39].original,471,0.025231649091632766,*
tonal.chords_strength.median.original,381,0.025231649091632766,*
tonal.chords_strength.min.original,382,0.025231649091632766,*
tonal.chords_strength.skew.original,383,0.025231649091632766,*
tonal.chords_strength.var.original,384,0.025231649091632766,*
lowlevel.gfcc.max[5].original,429,0.025231649091632766,*
lowlevel.gfcc.kurt[13].original,428,0.025231649091632766,*
lowlevel.gfcc.kurt[12].original,427,0.025231649091632766,*
lowlevel.gfcc.kurt[11].original,426,0.025231649091632766,*
lowlevel.gfcc.kurt[10].original,425,0.025231649091632766,*
lowlevel.gfcc.kurt[9].original,424,0.025231649091632766,*
lowlevel.gfcc.kurt[8].original,423,0.025231649091632766,*
lowlevel.gfcc.kurt[7].original,422,0.025231649091632766,*
lowlevel.gfcc.kurt[6].original,421,0.025231649091632766,*
lowlevel.gfcc.kurt[5].original,420,0.025231649091632766,*
tonal.hpcp_entropy.kurt.original,386,0.025231649091632766,*
lowlevel.erbbands.var[17].original,417,0.025231649091632766,*
lowlevel.erbbands.var[14].original,416,0.025231649091632766,*
lowlevel.erbbands.var[13].original,415,0.025231649091632766,*
lowlevel.barkbands.kurt[8].original,390,0.025231649091632766,*
lowlevel.barkbands.max[10].original,392,0.025231649091632766,*
lowlevel.erbbands.var[6].original,412,0.025231649091632766,*
lowlevel.erbbands.skew[6].original,411,0.025231649091632766,*
lowlevel.barkbands.max[11].original,393,0.025231649091632766,*
lowlevel.erbbands.dvar2[24].original,409,0.025231649091632766,*
lowlevel.barkbands.skew[9].original,396,0.025231649091632766,*
lowlevel.erbbands.dvar2[22].original,407,0.025231649091632766,*
lowlevel.erbbands.dvar2[19].original,406,0.025231649091632766,*
lowlevel.erbbands.dvar2[5].original,405,0.025231649091632766,*
lowlevel.barkbands.skew[10].original,397,0.025231649091632766,*
lowlevel.barkbands.skew[11].original,398,0.025231649091632766,*
lowlevel.gfcc.min[2].original,434,0.025231649091632766,*
lowlevel.gfcc.min[7].original,436,0.025231649091632766,*
lowlevel.melbands128.kurt[29].original,470,0.025231649091632766,*
tonal.chords_strength.kurt.original,380,0.025231649091632766,*
lowlevel.melbands128.kurt[24].original,469,0.025231649091632766,*
lowlevel.melbands128.kurt[22].original,468,0.025231649091632766,*
lowlevel.melbands128.kurt[17].original,467,0.025231649091632766,*
lowlevel.melbands128.kurt[15].original,466,0.025231649091632766,*
lowlevel.melbands128.kurt[13].original,465,0.025231649091632766,*
lowlevel.melbands128.kurt[2].original,464,0.025231649091632766,*
lowlevel.melbands128.kurt[1].original,463,0.025231649091632766,*
lowlevel.spectral_rolloff.max.original,367,0.025231649091632766,*
lowlevel.melbands.skew[9].original,460,0.025231649091632766,*
lowlevel.spectral_skewness.min.original,369,0.025231649091632766,*
lowlevel.melbands.max[14].original,458,0.025231649091632766,*
lowlevel.melbands.kurt[12].original,457,0.025231649091632766,*
lowlevel.melbands.kurt[1].original,456,0.025231649091632766,*
lowlevel.spectral_spread.dvar.original,370,0.025231649091632766,*
lowlevel.spectral_spread.max.original,371,0.025231649091632766,*
lowlevel.gfcc.skew[13].original,452,0.025231649091632766,*
lowlevel.gfcc.skew[12].original,451,0.025231649091632766,*
lowlevel.gfcc.skew[11].original,450,0.025231649091632766,*
lowlevel.gfcc.skew[10].original,449,0.025231649091632766,*
lowlevel.gfcc.skew[9].original,448,0.025231649091632766,*
lowlevel.zerocrossingrate.max.original,374,0.025231649091632766,*
lowlevel.gfcc.skew[7].original,446,0.025231649091632766,*
lowlevel.gfcc.skew[6].original,445,0.025231649091632766,*
lowlevel.gfcc.skew[5].original,444,0.025231649091632766,*
rhythm.beats_loudness.min.original,376,0.025231649091632766,*
lowlevel.gfcc.min[12].original,441,0.025231649091632766,*
lowlevel.gfcc.min[11].original,440,0.025231649091632766,*
tonal.chords_number_rate.original,379,0.025231649091632766,*
lowlevel.gfcc.min[9].original,438,0.025231649091632766,*
lowlevel.mfcc.skew[10].original,553,0.025231649091632766,*
lowlevel.mfcc.skew[12].original,555,0.025231649091632766,*
lowlevel.spectral_skewness.kurt.vocal,705,0.025231649091632766,*
lowlevel.spectral_contrast_valleys.min[6].accompaniment,238,0.025231649091632766,*
lowlevel.barkbands_spread.var.vocal,662,0.025231649091632766,*
lowlevel.spectral_contrast_coeffs.min[4].accompaniment,229,0.025231649091632766,*
lowlevel.spectral_contrast_coeffs.min[5].accompaniment,230,0.025231649091632766,*
lowlevel.barkbands_skewness.kurt.vocal,659,0.025231649091632766,*
lowlevel.spectral_contrast_coeffs.min[6].accompaniment,231,0.025231649091632766,*
lowlevel.barkbands_kurtosis.skew.vocal,657,0.025231649091632766,*
lowlevel.barkbands_kurtosis.min.vocal,656,0.025231649091632766,*
lowlevel.barkbands_kurtosis.median.vocal,655,0.025231649091632766,*
lowlevel.barkbands_kurtosis.dvar.vocal,654,0.025231649091632766,*
lowlevel.barkbands_flatness_db.min.vocal,653,0.025231649091632766,*
lowlevel.spectral_contrast_coeffs.skew[1].accompaniment,232,0.025231649091632766,*
lowlevel.spectral_contrast_coeffs.skew[3].accompaniment,234,0.025231649091632766,*
tonal.chords_key.original,649,0.025231649091632766,*
lowlevel.spectral_contrast_coeffs.skew[4].accompaniment,235,0.025231649091632766,*
tonal.thpcp[17].original,645,0.025231649091632766,*
lowlevel.mfcc.skew[13].original,556,0.025231649091632766,*
tonal.thpcp[15].original,644,0.025231649091632766,*
lowlevel.spectral_contrast_valleys.var[6].accompaniment,239,0.025231649091632766,*
rhythm.beats_loudness_band_ratio.kurt[1].accompaniment,241,0.025231649091632766,*
rhythm.beats_loudness_band_ratio.kurt[2].accompaniment,242,0.025231649091632766,*
rhythm.beats_loudness_band_ratio.kurt[3].accompaniment,243,0.025231649091632766,*
rhythm.beats_loudness_band_ratio.kurt[4].accompaniment,244,0.025231649091632766,*
rhythm.beats_loudness_band_ratio.min[2].accompaniment,250,0.025231649091632766,*
rhythm.beats_loudness_band_ratio.min[3].accompaniment,251,0.025231649091632766,*
tonal.chords_histogram[4].accompaniment,255,0.025231649091632766,*
tonal.chords_histogram[5].accompaniment,256,0.025231649091632766,*
tonal.chords_histogram[6].accompaniment,257,0.025231649091632766,*
tonal.chords_histogram[7].accompaniment,258,0.025231649091632766,*
tonal.chords_histogram[8].accompaniment,259,0.025231649091632766,*
tonal.chords_histogram[9].accompaniment,260,0.025231649091632766,*
lowlevel.dissonance.kurt.vocal,663,0.025231649091632766,*
lowlevel.spectral_contrast_coeffs.min[3].accompaniment,228,0.025231649091632766,*
lowlevel.spectral_contrast_coeffs.min[2].accompaniment,227,0.025231649091632766,*
lowlevel.spectral_contrast_coeffs.min[1].accompaniment,226,0.025231649091632766,*
lowlevel.mfcc.mean[7].accompaniment,191,0.025231649091632766,*
lowlevel.spectral_rolloff.kurt.vocal,703,0.025231649091632766,*
lowlevel.spectral_kurtosis.var.vocal,702,0.025231649091632766,*
lowlevel.spectral_flux.kurt.vocal,700,0.025231649091632766,*
lowlevel.mfcc.mean[13].accompaniment,194,0.025231649091632766,*
lowlevel.spectral_entropy.kurt.vocal,697,0.025231649091632766,*
lowlevel.mfcc.median[12].accompaniment,196,0.025231649091632766,*
lowlevel.spectral_energyband_high.skew.vocal,693,0.025231649091632766,*
lowlevel.mfcc.skew[3].accompaniment,206,0.025231649091632766,*
lowlevel.silence_rate_60dB.median.vocal,689,0.025231649091632766,*
lowlevel.silence_rate_60dB.kurt.vocal,688,0.025231649091632766,*
lowlevel.mfcc.skew[5].accompaniment,208,0.025231649091632766,*
lowlevel.barkbands.skew[12].original,399,0.025231649091632766,*
lowlevel.silence_rate_30dB.kurt.vocal,685,0.025231649091632766,*
lowlevel.mfcc.skew[7].accompaniment,210,0.025231649091632766,*
lowlevel.mfcc.skew[8].accompaniment,211,0.025231649091632766,*
lowlevel.mfcc.skew[9].accompaniment,212,0.025231649091632766,*
lowlevel.mfcc.skew[10].accompaniment,213,0.025231649091632766,*
lowlevel.melbands_kurtosis.skew.vocal,680,0.025231649091632766,*
lowlevel.melbands_kurtosis.min.vocal,679,0.025231649091632766,*
lowlevel.melbands_flatness_db.min.vocal,678,0.025231649091632766,*
lowlevel.loudness_ebu128.short_term.kurt.vocal,677,0.025231649091632766,*
lowlevel.mfcc.skew[11].accompaniment,214,0.025231649091632766,*
lowlevel.loudness_ebu128.momentary.kurt.vocal,675,0.025231649091632766,*
lowlevel.erbbands_spread.min.vocal,674,0.025231649091632766,*
lowlevel.mfcc.skew[12].accompaniment,215,0.025231649091632766,*
lowlevel.mfcc.skew[13].accompaniment,216,0.025231649091632766,*
lowlevel.spectral_contrast_coeffs.kurt[1].accompaniment,218,0.025231649091632766,*
lowlevel.erbbands_kurtosis.min.vocal,669,0.025231649091632766,*
tonal.chords_histogram[10].accompaniment,261,0.025231649091632766,*
tonal.chords_histogram[11].accompaniment,262,0.025231649091632766,*
tonal.chords_histogram[16].accompaniment,263,0.025231649091632766,*
tonal.hpcp.kurt[1].accompaniment,277,0.025231649091632766,*
rhythm.beats_loudness_band_ratio.kurt[1].original,588,0.025231649091632766,*
tonal.hpcp.kurt[5].accompaniment,279,0.025231649091632766,*
lowlevel.spectral_contrast_valleys.min[6].original,586,0.025231649091632766,*
lowlevel.spectral_contrast_valleys.min[5].original,585,0.025231649091632766,*
lowlevel.spectral_contrast_valleys.min[4].original,584,0.025231649091632766,*
lowlevel.spectral_contrast_valleys.min[3].original,583,0.025231649091632766,*
lowlevel.spectral_contrast_valleys.min[2].original,582,0.025231649091632766,*
lowlevel.spectral_contrast_valleys.min[1].original,581,0.025231649091632766,*
tonal.hpcp.kurt[6].accompaniment,280,0.025231649091632766,*
tonal.hpcp.kurt[8].accompaniment,281,0.025231649091632766,*
tonal.hpcp.kurt[9].accompaniment,282,0.025231649091632766,*
tonal.hpcp.kurt[10].accompaniment,283,0.025231649091632766,*
tonal.hpcp.kurt[15].accompaniment,286,0.025231649091632766,*
tonal.hpcp.kurt[16].accompaniment,287,0.025231649091632766,*
tonal.hpcp.kurt[18].accompaniment,288,0.025231649091632766,*
lowlevel.spectral_contrast_coeffs.min[6].original,571,0.025231649091632766,*
lowlevel.spectral_contrast_coeffs.min[5].original,570,0.025231649091632766,*
lowlevel.spectral_contrast_coeffs.min[4].original,569,0.025231649091632766,*
lowlevel.spectral_contrast_coeffs.min[3].original,568,0.025231649091632766,*
lowlevel.spectral_contrast_coeffs.min[2].original,567,0.025231649091632766,*
lowlevel.spectral_contrast_coeffs.min[1].original,566,0.025231649091632766,*
lowlevel.spectral_contrast_coeffs.kurt[6].original,564,0.025231649091632766,*
tonal.hpcp.kurt[20].accompaniment,290,0.025231649091632766,*
tonal.hpcp.kurt[22].accompaniment,291,0.025231649091632766,*
tonal.hpcp.kurt[24].accompaniment,292,0.025231649091632766,*
tonal.hpcp.kurt[25].accompaniment,293,0.025231649091632766,*
lowlevel.spectral_contrast_coeffs.kurt[1].original,559,0.025231649091632766,*
tonal.hpcp.kurt[26].accompaniment,294,0.025231649091632766,*
tonal.hpcp.kurt[28].accompaniment,295,0.025231649091632766,*
tonal.hpcp.kurt[3].accompaniment,278,0.025231649091632766,*
rhythm.beats_loudness_band_ratio.kurt[4].original,591,0.025231649091632766,*
tonal.hpcp.kurt[26].original,622,0.025231649091632766,*
tonal.chords_histogram[24].accompaniment,270,0.025231649091632766,*
tonal.hpcp.kurt[3].original,621,0.025231649091632766,*
tonal.chords_histogram[24].original,620,0.025231649091632766,*
tonal.chords_histogram[23].original,619,0.025231649091632766,*
tonal.chords_histogram[22].original,618,0.025231649091632766,*
tonal.chords_histogram[21].original,617,0.025231649091632766,*
tonal.chords_histogram[20].original,616,0.025231649091632766,*
tonal.chords_histogram[19].original,615,0.025231649091632766,*
tonal.chords_histogram[18].original,614,0.025231649091632766,*
tonal.chords_histogram[17].original,613,0.025231649091632766,*
tonal.chords_histogram[16].original,612,0.025231649091632766,*
tonal.chords_histogram[13].original,611,0.025231649091632766,*
tonal.chords_histogram[12].original,610,0.025231649091632766,*
tonal.chords_histogram[11].original,609,0.025231649091632766,*
tonal.chords_histogram[10].original,608,0.025231649091632766,*
tonal.chords_histogram[9].original,607,0.025231649091632766,*
tonal.chords_histogram[8].original,606,0.025231649091632766,*
tonal.chords_histogram[7].original,605,0.025231649091632766,*
tonal.chords_histogram[6].original,604,0.025231649091632766,*
tonal.chords_histogram[5].original,603,0.025231649091632766,*
tonal.chords_histogram[4].original,602,0.025231649091632766,*
tonal.chords_histogram[3].original,601,0.025231649091632766,*
tonal.chords_histogram[17].accompaniment,264,0.025231649091632766,*
tonal.chords_histogram[18].accompaniment,265,0.025231649091632766,*
rhythm.beats_loudness_band_ratio.min[3].original,598,0.025231649091632766,*
rhythm.beats_loudness_band_ratio.min[2].original,597,0.025231649091632766,*
tonal.chords_histogram[20].accompaniment,266,0.025231649091632766,*
tonal.chords_histogram[21].accompaniment,267,0.025231649091632766,*
tonal.chords_histogram[22].accompaniment,268,0.025231649091632766,*
tonal.chords_histogram[23].accompaniment,269,0.025231649091632766,*
tonal.key_edma.scale.vocal,971,0.025231649091632766,*
