feature,weight
lowlevel.barkbands_crest.min.accompaniment,0.049958542703989924
lowlevel.barkbands_flatness_db.kurt.accompaniment,0.025231649091632766
lowlevel.barkbands_flatness_db.min.accompaniment,0.025231649091632766
lowlevel.barkbands_flatness_db.skew.accompaniment,0.04940181288493925
lowlevel.barkbands_kurtosis.min.accompaniment,0.026251862458751496
lowlevel.barkbands_kurtosis.skew.accompaniment,0.025231649091632766
lowlevel.barkbands_kurtosis.var.accompaniment,0.025231649091632766
lowlevel.barkbands_spread.kurt.accompaniment,0.026251862458751496
lowlevel.dissonance.kurt.accompaniment,0.025231649091632766
lowlevel.dissonance.var.accompaniment,0.1179810617997199
lowlevel.erbbands_crest.kurt.accompaniment,0.04982752497507032
lowlevel.erbbands_crest.min.accompaniment,0.03658700880323825
lowlevel.erbbands_flatness_db.kurt.accompaniment,0.025231649091632766
lowlevel.erbbands_flatness_db.min.accompaniment,0.025231649091632766
lowlevel.erbbands_flatness_db.skew.accompaniment,0.027968601148337886
lowlevel.erbbands_kurtosis.median.accompaniment,0.03649538919483749
lowlevel.erbbands_kurtosis.skew.accompaniment,0.031006663491686407
lowlevel.erbbands_skewness.kurt.accompaniment,0.025231649091632766
lowlevel.erbbands_skewness.skew.accompaniment,0.025231649091632766
lowlevel.hfc.skew.accompaniment,0.06565653498424345
lowlevel.loudness_ebu128.short_term.dvar2.accompaniment,0.025231649091632766
lowlevel.loudness_ebu128.short_term.kurt.accompaniment,0.026251862458751496
lowlevel.loudness_ebu128.short_term.var.accompaniment,0.025231649091632766
lowlevel.melbands_flatness_db.min.accompaniment,0.025231649091632766
lowlevel.melbands_kurtosis.min.accompaniment,0.025231649091632766
lowlevel.melbands_skewness.min.accompaniment,0.025231649091632766
lowlevel.pitch_salience.kurt.accompaniment,0.026251862458751496
lowlevel.pitch_salience.max.accompaniment,0.025231649091632766
lowlevel.silence_rate_30dB.kurt.accompaniment,0.025231649091632766
lowlevel.spectral_energy.max.accompaniment,0.025231649091632766
lowlevel.spectral_energyband_middle_high.max.accompaniment,0.025231649091632766
lowlevel.spectral_energyband_middle_high.skew.accompaniment,0.07604076193349689
lowlevel.spectral_energyband_middle_low.kurt.accompaniment,0.025231649091632766
lowlevel.spectral_energyband_middle_low.max.accompaniment,0.038405826405695065
lowlevel.spectral_energyband_middle_low.mean.accompaniment,0.048075758506818986
lowlevel.spectral_entropy.kurt.accompaniment,0.036732693900798835
lowlevel.spectral_entropy.skew.accompaniment,0.058781528603310075
lowlevel.spectral_flux.kurt.accompaniment,0.053377371805374045
lowlevel.spectral_kurtosis.kurt.accompaniment,0.026251862458751496
lowlevel.spectral_kurtosis.min.accompaniment,0.026251862458751496
lowlevel.spectral_rolloff.kurt.accompaniment,0.06933808503085323
lowlevel.spectral_rolloff.min.accompaniment,0.025231649091632766
lowlevel.spectral_strongpeak.kurt.accompaniment,0.025231649091632766
rhythm.bpm.accompaniment,0.026251862458751496
rhythm.onset_rate.accompaniment,0.0767111670752523
tonal.chords_strength.min.accompaniment,0.025231649091632766
tonal.chords_strength.skew.accompaniment,0.025231649091632766
tonal.chords_strength.var.accompaniment,0.025231649091632766
tonal.hpcp_crest.max.accompaniment,0.026251862458751496
tonal.hpcp_entropy.kurt.accompaniment,0.026251862458751496
tonal.hpcp_entropy.skew.accompaniment,0.04939543113626661
tonal.tuning_equal_tempered_deviation.accompaniment,0.07424900367378853
tonal.tuning_frequency.accompaniment,0.026251862458751496
lowlevel.barkbands.max[6].accompaniment,0.04290843925149157
lowlevel.barkbands.max[9].accompaniment,0.026251862458751496
lowlevel.barkbands.max[11].accompaniment,0.026251862458751496
lowlevel.barkbands.max[12].accompaniment,0.025231649091632766
lowlevel.barkbands.max[21].accompaniment,0.026251862458751496
lowlevel.barkbands.mean[10].accompaniment,0.025231649091632766
lowlevel.barkbands.skew[9].accompaniment,0.03948535120694769
lowlevel.barkbands.skew[10].accompaniment,0.026251862458751496
lowlevel.barkbands.skew[12].accompaniment,0.04415276361445294
lowlevel.erbbands.dvar2[20].accompaniment,0.025231649091632766
lowlevel.erbbands.dvar2[23].accompaniment,0.025231649091632766
lowlevel.erbbands.dvar2[24].accompaniment,0.025231649091632766
lowlevel.erbbands.kurt[38].accompaniment,0.025231649091632766
lowlevel.erbbands.max[11].accompaniment,0.026251862458751496
lowlevel.erbbands.max[27].accompaniment,0.04089840014375078
lowlevel.erbbands.max[31].accompaniment,0.026251862458751496
lowlevel.erbbands.mean[8].accompaniment,0.04844255492245849
lowlevel.erbbands.mean[9].accompaniment,0.04623508789506736
lowlevel.erbbands.mean[12].accompaniment,0.026251862458751496
lowlevel.erbbands.median[26].accompaniment,0.10442415382719415
lowlevel.erbbands.skew[7].accompaniment,0.025231649091632766
lowlevel.erbbands.var[4].accompaniment,0.025231649091632766
lowlevel.erbbands.var[6].accompaniment,0.025231649091632766
lowlevel.erbbands.var[13].accompaniment,0.025231649091632766
lowlevel.erbbands.var[16].accompaniment,0.025231649091632766
lowlevel.erbbands.var[25].accompaniment,0.025231649091632766
lowlevel.erbbands.var[26].accompaniment,0.026251862458751496
lowlevel.gfcc.kurt[2].accompaniment,0.025231649091632766
lowlevel.gfcc.kurt[3].accompaniment,0.047115868695190154
lowlevel.gfcc.kurt[4].accompaniment,0.046544948648076435
lowlevel.gfcc.kurt[5].accompaniment,0.025231649091632766
lowlevel.gfcc.kurt[6].accompaniment,0.025231649091632766
lowlevel.gfcc.kurt[7].accompaniment,0.025231649091632766
lowlevel.gfcc.kurt[8].accompaniment,0.025231649091632766
lowlevel.gfcc.kurt[9].accompaniment,0.025231649091632766
lowlevel.gfcc.kurt[10].accompaniment,0.025231649091632766
lowlevel.gfcc.kurt[11].accompaniment,0.025231649091632766
lowlevel.gfcc.kurt[12].accompaniment,0.025231649091632766
lowlevel.gfcc.kurt[13].accompaniment,0.025231649091632766
lowlevel.gfcc.max[4].accompaniment,0.026251862458751496
lowlevel.gfcc.max[7].accompaniment,0.026251862458751496
lowlevel.gfcc.max[8].accompaniment,0.025231649091632766
lowlevel.gfcc.max[9].accompaniment,0.03037546688616303
lowlevel.gfcc.max[11].accompaniment,0.06813945268123907
lowlevel.gfcc.max[12].accompaniment,0.03580454753836927
lowlevel.gfcc.max[13].accompaniment,0.043910464448023385
lowlevel.gfcc.mean[10].accompaniment,0.026251862458751496
lowlevel.gfcc.median[5].accompaniment,0.026251862458751496
lowlevel.gfcc.min[2].accompaniment,0.025231649091632766
lowlevel.gfcc.min[6].accompaniment,0.026251862458751496
lowlevel.gfcc.min[8].accompaniment,0.04850665609506923
lowlevel.gfcc.min[9].accompaniment,0.026251862458751496
lowlevel.gfcc.min[10].accompaniment,0.03221286263008807
lowlevel.gfcc.min[11].accompaniment,0.026251862458751496
lowlevel.gfcc.min[12].accompaniment,0.03776235861753471
lowlevel.gfcc.min[13].accompaniment,0.03129248686007421
lowlevel.gfcc.skew[4].accompaniment,0.026251862458751496
lowlevel.gfcc.skew[5].accompaniment,0.025231649091632766
lowlevel.gfcc.skew[6].accompaniment,0.026251862458751496
lowlevel.gfcc.skew[7].accompaniment,0.026251862458751496
lowlevel.gfcc.skew[8].accompaniment,0.025231649091632766
lowlevel.gfcc.skew[9].accompaniment,0.026251862458751496
lowlevel.gfcc.skew[10].accompaniment,0.025231649091632766
lowlevel.gfcc.skew[11].accompaniment,0.025231649091632766
lowlevel.gfcc.skew[12].accompaniment,0.025231649091632766
lowlevel.gfcc.skew[13].accompaniment,0.025231649091632766
lowlevel.melbands.kurt[2].accompaniment,0.026251862458751496
lowlevel.melbands.kurt[37].accompaniment,0.026251862458751496
lowlevel.melbands.max[15].accompaniment,0.025231649091632766
lowlevel.melbands.max[16].accompaniment,0.025231649091632766
lowlevel.melbands.skew[12].accompaniment,0.026251862458751496
lowlevel.melbands.skew[16].accompaniment,0.026251862458751496
lowlevel.melbands.skew[17].accompaniment,0.04144363201896396
lowlevel.melbands128.kurt[8].accompaniment,0.025231649091632766
lowlevel.melbands128.kurt[12].accompaniment,0.025231649091632766
lowlevel.melbands128.kurt[16].accompaniment,0.025231649091632766
lowlevel.melbands128.kurt[17].accompaniment,0.025231649091632766
lowlevel.melbands128.kurt[90].accompaniment,0.026251862458751496
lowlevel.melbands128.max[13].accompaniment,0.028447658666365852
lowlevel.melbands128.max[27].accompaniment,0.025231649091632766
lowlevel.melbands128.max[42].accompaniment,0.025231649091632766
lowlevel.melbands128.max[43].accompaniment,0.025231649091632766
lowlevel.melbands128.max[45].accompaniment,0.025231649091632766
lowlevel.melbands128.max[48].accompaniment,0.025231649091632766
lowlevel.melbands128.max[49].accompaniment,0.025231649091632766
lowlevel.melbands128.max[50].accompaniment,0.025231649091632766
lowlevel.melbands128.max[52].accompaniment,0.025231649091632766
lowlevel.melbands128.max[54].accompaniment,0.025231649091632766
lowlevel.melbands128.skew[14].accompaniment,0.025231649091632766
lowlevel.melbands128.skew[15].accompaniment,0.025231649091632766
lowlevel.melbands128.skew[20].accompaniment,0.025231649091632766
lowlevel.melbands128.skew[21].accompaniment,0.025231649091632766
lowlevel.melbands128.skew[23].accompaniment,0.025231649091632766
lowlevel.melbands128.skew[27].accompaniment,0.026251862458751496
lowlevel.melbands128.skew[32].accompaniment,0.03471130526055228
lowlevel.melbands128.skew[34].accompaniment,0.026251862458751496
lowlevel.melbands128.skew[38].accompaniment,0.03295204199031977
lowlevel.melbands128.skew[42].accompaniment,0.038434159491572015
lowlevel.melbands128.skew[47].accompaniment,0.04201022487449517
lowlevel.melbands128.skew[48].accompaniment,0.04370190782900446
lowlevel.melbands128.skew[53].accompaniment,0.07187974417528695
lowlevel.melbands128.skew[54].accompaniment,0.07996617637245651
lowlevel.melbands128.skew[55].accompaniment,0.07025292750804353
lowlevel.melbands128.skew[56].accompaniment,0.06727107770178758
lowlevel.melbands128.skew[57].accompaniment,0.07229348659158391
lowlevel.melbands128.skew[60].accompaniment,0.07849788459139775
lowlevel.melbands128.skew[63].accompaniment,0.0728028875216475
lowlevel.melbands128.skew[65].accompaniment,0.07503793372724658
lowlevel.melbands128.skew[67].accompaniment,0.06591307538120263
lowlevel.melbands128.skew[68].accompaniment,0.06546759869030833
lowlevel.melbands128.skew[69].accompaniment,0.07617903040306082
lowlevel.melbands128.skew[71].accompaniment,0.06083172988670816
lowlevel.melbands128.skew[72].accompaniment,0.06976259380523456
lowlevel.melbands128.skew[75].accompaniment,0.07084616701780709
lowlevel.melbands128.skew[80].accompaniment,0.06292703624808073
lowlevel.melbands128.skew[82].accompaniment,0.07011313826438657
lowlevel.melbands128.skew[85].accompaniment,0.06221017705260783
lowlevel.melbands128.skew[103].accompaniment,0.026251862458751496
lowlevel.melbands128.skew[104].accompaniment,0.026251862458751496
lowlevel.melbands128.skew[111].accompaniment,0.025231649091632766
lowlevel.mfcc.kurt[3].accompaniment,0.026251862458751496
lowlevel.mfcc.kurt[4].accompaniment,0.026251862458751496
lowlevel.mfcc.kurt[5].accompaniment,0.026251862458751496
lowlevel.mfcc.kurt[6].accompaniment,0.025231649091632766
lowlevel.mfcc.kurt[7].accompaniment,0.025231649091632766
lowlevel.mfcc.kurt[8].accompaniment,0.025231649091632766
lowlevel.mfcc.kurt[9].accompaniment,0.025231649091632766
lowlevel.mfcc.kurt[10].accompaniment,0.025231649091632766
lowlevel.mfcc.kurt[11].accompaniment,0.025231649091632766
lowlevel.mfcc.kurt[12].accompaniment,0.025231649091632766
lowlevel.mfcc.kurt[13].accompaniment,0.025231649091632766
lowlevel.mfcc.max[5].accompaniment,0.026251862458751496
lowlevel.mfcc.max[6].accompaniment,0.026251862458751496
lowlevel.mfcc.max[8].accompaniment,0.026251862458751496
lowlevel.mfcc.max[9].accompaniment,0.025231649091632766
lowlevel.mfcc.max[10].accompaniment,0.03259259175908284
lowlevel.mfcc.max[11].accompaniment,0.03834751670239203
lowlevel.mfcc.max[12].accompaniment,0.04994834401331525
lowlevel.mfcc.mean[7].accompaniment,0.025231649091632766
lowlevel.mfcc.mean[9].accompaniment,0.026251862458751496
lowlevel.mfcc.mean[11].accompaniment,0.026251862458751496
lowlevel.mfcc.mean[13].accompaniment,0.025231649091632766
lowlevel.mfcc.median[10].accompaniment,0.026251862458751496
lowlevel.mfcc.median[12].accompaniment,0.025231649091632766
lowlevel.mfcc.min[5].accompaniment,0.026251862458751496
lowlevel.mfcc.min[6].accompaniment,0.06335156822120545
lowlevel.mfcc.min[7].accompaniment,0.026251862458751496
lowlevel.mfcc.min[8].accompaniment,0.06723760599310845
lowlevel.mfcc.min[9].accompaniment,0.048034790905724434
lowlevel.mfcc.min[10].accompaniment,0.04303187549580764
lowlevel.mfcc.min[11].accompaniment,0.05182544460150156
lowlevel.mfcc.min[12].accompaniment,0.02943247191870813
lowlevel.mfcc.min[13].accompaniment,0.0370002388275528
lowlevel.mfcc.skew[3].accompaniment,0.025231649091632766
lowlevel.mfcc.skew[4].accompaniment,0.026251862458751496
lowlevel.mfcc.skew[5].accompaniment,0.025231649091632766
lowlevel.mfcc.skew[6].accompaniment,0.025231649091632766
lowlevel.mfcc.skew[7].accompaniment,0.025231649091632766
lowlevel.mfcc.skew[8].accompaniment,0.025231649091632766
lowlevel.mfcc.skew[9].accompaniment,0.025231649091632766
lowlevel.mfcc.skew[10].accompaniment,0.025231649091632766
lowlevel.mfcc.skew[11].accompaniment,0.025231649091632766
lowlevel.mfcc.skew[12].accompaniment,0.025231649091632766
lowlevel.mfcc.skew[13].accompaniment,0.025231649091632766
lowlevel.mfcc.var[1].accompaniment,0.026251862458751496
lowlevel.spectral_contrast_coeffs.kurt[1].accompaniment,0.025231649091632766
lowlevel.spectral_contrast_coeffs.kurt[2].accompaniment,0.026251862458751496
lowlevel.spectral_contrast_coeffs.kurt[3].accompaniment,0.026251862458751496
lowlevel.spectral_contrast_coeffs.kurt[4].accompaniment,0.035859348161023555
lowlevel.spectral_contrast_coeffs.kurt[5].accompaniment,0.060981407140687546
lowlevel.spectral_contrast_coeffs.max[1].accompaniment,0.03898308258273187
lowlevel.spectral_contrast_coeffs.mean[1].accompaniment,0.0626416896117549
lowlevel.spectral_contrast_coeffs.mean[6].accompaniment,0.04914110255147787
lowlevel.spectral_contrast_coeffs.min[1].accompaniment,0.025231649091632766
lowlevel.spectral_contrast_coeffs.min[2].accompaniment,0.025231649091632766
lowlevel.spectral_contrast_coeffs.min[3].accompaniment,0.025231649091632766
lowlevel.spectral_contrast_coeffs.min[4].accompaniment,0.025231649091632766
lowlevel.spectral_contrast_coeffs.min[5].accompaniment,0.025231649091632766
lowlevel.spectral_contrast_coeffs.min[6].accompaniment,0.025231649091632766
lowlevel.spectral_contrast_coeffs.skew[1].accompaniment,0.025231649091632766
lowlevel.spectral_contrast_coeffs.skew[2].accompaniment,0.026251862458751496
lowlevel.spectral_contrast_coeffs.skew[3].accompaniment,0.025231649091632766
lowlevel.spectral_contrast_coeffs.skew[4].accompaniment,0.025231649091632766
lowlevel.spectral_contrast_coeffs.var[6].accompaniment,0.026251862458751496
lowlevel.spectral_contrast_valleys.dmean[5].accompaniment,0.07208984382621354
lowlevel.spectral_contrast_valleys.min[6].accompaniment,0.025231649091632766
lowlevel.spectral_contrast_valleys.var[6].accompaniment,0.025231649091632766
rhythm.beats_loudness_band_ratio.dvar[1].accompaniment,0.026251862458751496
rhythm.beats_loudness_band_ratio.kurt[1].accompaniment,0.025231649091632766
rhythm.beats_loudness_band_ratio.kurt[2].accompaniment,0.025231649091632766
rhythm.beats_loudness_band_ratio.kurt[3].accompaniment,0.025231649091632766
rhythm.beats_loudness_band_ratio.kurt[4].accompaniment,0.025231649091632766
rhythm.beats_loudness_band_ratio.kurt[5].accompaniment,0.026251862458751496
rhythm.beats_loudness_band_ratio.max[3].accompaniment,0.09074328389125234
rhythm.beats_loudness_band_ratio.max[4].accompaniment,0.026251862458751496
rhythm.beats_loudness_band_ratio.max[5].accompaniment,0.03427586271073819
rhythm.beats_loudness_band_ratio.max[6].accompaniment,0.05657792042056561
rhythm.beats_loudness_band_ratio.min[2].accompaniment,0.025231649091632766
rhythm.beats_loudness_band_ratio.min[3].accompaniment,0.025231649091632766
rhythm.beats_loudness_band_ratio.skew[6].accompaniment,0.06231351579175165
tonal.chords_histogram[1].accompaniment,0.026251862458751496
tonal.chords_histogram[3].accompaniment,0.026251862458751496
tonal.chords_histogram[4].accompaniment,0.025231649091632766
tonal.chords_histogram[5].accompaniment,0.025231649091632766
tonal.chords_histogram[6].accompaniment,0.025231649091632766
tonal.chords_histogram[7].accompaniment,0.025231649091632766
tonal.chords_histogram[8].accompaniment,0.025231649091632766
tonal.chords_histogram[9].accompaniment,0.025231649091632766
tonal.chords_histogram[10].accompaniment,0.025231649091632766
tonal.chords_histogram[11].accompaniment,0.025231649091632766
tonal.chords_histogram[16].accompaniment,0.025231649091632766
tonal.chords_histogram[17].accompaniment,0.025231649091632766
tonal.chords_histogram[18].accompaniment,0.025231649091632766
tonal.chords_histogram[20].accompaniment,0.025231649091632766
tonal.chords_histogram[21].accompaniment,0.025231649091632766
tonal.chords_histogram[22].accompaniment,0.025231649091632766
tonal.chords_histogram[23].accompaniment,0.025231649091632766
tonal.chords_histogram[24].accompaniment,0.025231649091632766
tonal.hpcp.dmean2[13].accompaniment,0.10282169978393432
tonal.hpcp.dmean2[19].accompaniment,0.0944113618537176
tonal.hpcp.dmean2[28].accompaniment,0.0939139800674154
tonal.hpcp.dmean2[35].accompaniment,0.09141519306522387
tonal.hpcp.dvar2[5].accompaniment,0.06895301006405996
tonal.hpcp.dvar2[9].accompaniment,0.08904524784993233
tonal.hpcp.kurt[1].accompaniment,0.025231649091632766
tonal.hpcp.kurt[3].accompaniment,0.025231649091632766
tonal.hpcp.kurt[5].accompaniment,0.025231649091632766
tonal.hpcp.kurt[6].accompaniment,0.025231649091632766
tonal.hpcp.kurt[8].accompaniment,0.025231649091632766
tonal.hpcp.kurt[9].accompaniment,0.025231649091632766
tonal.hpcp.kurt[10].accompaniment,0.025231649091632766
tonal.hpcp.kurt[12].accompaniment,0.026251862458751496
tonal.hpcp.kurt[14].accompaniment,0.026251862458751496
tonal.hpcp.kurt[15].accompaniment,0.025231649091632766
tonal.hpcp.kurt[16].accompaniment,0.025231649091632766
tonal.hpcp.kurt[18].accompaniment,0.025231649091632766
tonal.hpcp.kurt[19].accompaniment,0.026251862458751496
tonal.hpcp.kurt[20].accompaniment,0.025231649091632766
tonal.hpcp.kurt[22].accompaniment,0.025231649091632766
tonal.hpcp.kurt[24].accompaniment,0.025231649091632766
tonal.hpcp.kurt[25].accompaniment,0.025231649091632766
tonal.hpcp.kurt[26].accompaniment,0.025231649091632766
tonal.hpcp.kurt[28].accompaniment,0.025231649091632766
tonal.hpcp.kurt[30].accompaniment,0.025231649091632766
tonal.hpcp.kurt[32].accompaniment,0.025231649091632766
tonal.hpcp.kurt[33].accompaniment,0.026251862458751496
tonal.hpcp.kurt[34].accompaniment,0.025231649091632766
tonal.hpcp.median[21].accompaniment,0.0314800051609525
tonal.hpcp.var[16].accompaniment,0.026251862458751496
tonal.hpcp.var[31].accompaniment,0.026251862458751496
tonal.thpcp[2].accompaniment,0.07217836083900077
tonal.thpcp[3].accompaniment,0.12929341253774304
tonal.thpcp[6].accompaniment,0.031048230323426473
tonal.thpcp[8].accompaniment,0.036822235180308
tonal.thpcp[9].accompaniment,0.04978914270397962
tonal.thpcp[12].accompaniment,0.0569401046839502
tonal.thpcp[14].accompaniment,0.04486738125426457
tonal.thpcp[17].accompaniment,0.026251862458751496
tonal.thpcp[18].accompaniment,0.09590862488017372
tonal.thpcp[21].accompaniment,0.026251862458751496
tonal.thpcp[23].accompaniment,0.026251862458751496
tonal.thpcp[26].accompaniment,0.0465554415682505
tonal.thpcp[29].accompaniment,0.035844486927706136
tonal.thpcp[30].accompaniment,0.026251862458751496
tonal.thpcp[32].accompaniment,0.03480622300782707
tonal.thpcp[33].accompaniment,0.1020178683488324
tonal.thpcp[36].accompaniment,0.03376851389565667
tonal.key_krumhansl.key.accompaniment,0.025231649091632766
lowlevel.barkbands_crest.min.original,0.03532310162500792
lowlevel.barkbands_flatness_db.min.original,0.025231649091632766
lowlevel.barkbands_kurtosis.median.original,0.06905618963697616
lowlevel.barkbands_kurtosis.min.original,0.025231649091632766
lowlevel.barkbands_kurtosis.skew.original,0.025231649091632766
lowlevel.dissonance.kurt.original,0.025231649091632766
lowlevel.erbbands_crest.kurt.original,0.09093637110043179
lowlevel.erbbands_crest.min.original,0.05469090311690156
lowlevel.erbbands_flatness_db.kurt.original,0.025231649091632766
lowlevel.erbbands_flatness_db.min.original,0.025231649091632766
lowlevel.erbbands_kurtosis.max.original,0.034574846229133586
lowlevel.erbbands_kurtosis.min.original,0.026251862458751496
lowlevel.erbbands_kurtosis.skew.original,0.026251862458751496
lowlevel.erbbands_skewness.kurt.original,0.025231649091632766
lowlevel.erbbands_skewness.min.original,0.025231649091632766
lowlevel.erbbands_skewness.skew.original,0.025231649091632766
lowlevel.erbbands_spread.skew.original,0.04781922804653503
lowlevel.hfc.skew.original,0.06499307394207067
lowlevel.hfc.var.original,0.026251862458751496
lowlevel.loudness_ebu128.loudness_range.original,0.05907555561013666
lowlevel.loudness_ebu128.momentary.kurt.original,0.05853841291127613
lowlevel.loudness_ebu128.short_term.dvar.original,0.025231649091632766
lowlevel.loudness_ebu128.short_term.kurt.original,0.026251862458751496
lowlevel.loudness_ebu128.short_term.median.original,0.0932738747229593
lowlevel.melbands_crest.min.original,0.025231649091632766
lowlevel.melbands_flatness_db.kurt.original,0.025231649091632766
lowlevel.melbands_flatness_db.min.original,0.025231649091632766
lowlevel.melbands_kurtosis.dvar2.original,0.025231649091632766
lowlevel.melbands_kurtosis.min.original,0.025231649091632766
lowlevel.melbands_skewness.min.original,0.026251862458751496
lowlevel.melbands_spread.max.original,0.026251862458751496
lowlevel.pitch_salience.max.original,0.025231649091632766
lowlevel.pitch_salience.skew.original,0.043006568648356946
lowlevel.silence_rate_30dB.min.original,0.026251862458751496
lowlevel.silence_rate_30dB.skew.original,0.025231649091632766
lowlevel.silence_rate_60dB.var.original,0.055306196842421565
lowlevel.spectral_centroid.max.original,0.025231649091632766
lowlevel.spectral_complexity.kurt.original,0.026251862458751496
lowlevel.spectral_energyband_low.median.original,0.03794047648195755
lowlevel.spectral_energyband_middle_high.max.original,0.026251862458751496
lowlevel.spectral_energyband_middle_high.skew.original,0.07670046563952172
lowlevel.spectral_energyband_middle_low.kurt.original,0.025231649091632766
lowlevel.spectral_energyband_middle_low.max.original,0.03743816375796787
lowlevel.spectral_entropy.max.original,0.025231649091632766
lowlevel.spectral_flux.kurt.original,0.05896357608236059
lowlevel.spectral_kurtosis.min.original,0.025231649091632766
lowlevel.spectral_rolloff.max.original,0.025231649091632766
lowlevel.spectral_skewness.kurt.original,0.026251862458751496
lowlevel.spectral_skewness.min.original,0.025231649091632766
lowlevel.spectral_spread.dvar.original,0.025231649091632766
lowlevel.spectral_spread.max.original,0.025231649091632766
lowlevel.spectral_strongpeak.kurt.original,0.026251862458751496
lowlevel.spectral_strongpeak.var.original,0.04177509712966392
lowlevel.zerocrossingrate.max.original,0.025231649091632766
rhythm.beats_loudness.max.original,0.026251862458751496
rhythm.beats_loudness.min.original,0.025231649091632766
rhythm.beats_loudness.skew.original,0.03745133114947853
rhythm.danceability.original,0.05828787366649072
tonal.chords_number_rate.original,0.025231649091632766
tonal.chords_strength.kurt.original,0.025231649091632766
tonal.chords_strength.median.original,0.025231649091632766
tonal.chords_strength.min.original,0.025231649091632766
tonal.chords_strength.skew.original,0.025231649091632766
tonal.chords_strength.var.original,0.025231649091632766
tonal.hpcp_crest.max.original,0.026251862458751496
tonal.hpcp_entropy.kurt.original,0.025231649091632766
tonal.key_temperley.strength.original,0.04715698632657578
tonal.tuning_frequency.original,0.026251862458751496
lowlevel.barkbands.dmean2[10].original,0.03272551849596701
lowlevel.barkbands.kurt[8].original,0.025231649091632766
lowlevel.barkbands.max[6].original,0.03327733435814238
lowlevel.barkbands.max[10].original,0.025231649091632766
lowlevel.barkbands.max[11].original,0.025231649091632766
lowlevel.barkbands.mean[6].original,0.04504368274388868
lowlevel.barkbands.mean[7].original,0.041984828382140495
lowlevel.barkbands.skew[9].original,0.025231649091632766
lowlevel.barkbands.skew[10].original,0.025231649091632766
lowlevel.barkbands.skew[11].original,0.025231649091632766
lowlevel.barkbands.skew[12].original,0.025231649091632766
lowlevel.barkbands.skew[13].original,0.026251862458751496
lowlevel.barkbands.skew[15].original,0.029437260109121417
lowlevel.barkbands.skew[18].original,0.07463960372528329
lowlevel.erbbands.dmean2[12].original,0.026251862458751496
lowlevel.erbbands.dvar[27].original,0.026251862458751496
lowlevel.erbbands.dvar2[5].original,0.025231649091632766
lowlevel.erbbands.dvar2[19].original,0.025231649091632766
lowlevel.erbbands.dvar2[22].original,0.025231649091632766
lowlevel.erbbands.dvar2[23].original,0.026251862458751496
lowlevel.erbbands.dvar2[24].original,0.025231649091632766
lowlevel.erbbands.median[9].original,0.026251862458751496
lowlevel.erbbands.skew[6].original,0.025231649091632766
lowlevel.erbbands.var[6].original,0.025231649091632766
lowlevel.erbbands.var[8].original,0.026251862458751496
lowlevel.erbbands.var[9].original,0.026251862458751496
lowlevel.erbbands.var[13].original,0.025231649091632766
lowlevel.erbbands.var[14].original,0.025231649091632766
lowlevel.erbbands.var[17].original,0.025231649091632766
lowlevel.erbbands.var[25].original,0.026251862458751496
lowlevel.gfcc.kurt[4].original,0.026251862458751496
lowlevel.gfcc.kurt[5].original,0.025231649091632766
lowlevel.gfcc.kurt[6].original,0.025231649091632766
lowlevel.gfcc.kurt[7].original,0.025231649091632766
lowlevel.gfcc.kurt[8].original,0.025231649091632766
lowlevel.gfcc.kurt[9].original,0.025231649091632766
lowlevel.gfcc.kurt[10].original,0.025231649091632766
lowlevel.gfcc.kurt[11].original,0.025231649091632766
lowlevel.gfcc.kurt[12].original,0.025231649091632766
lowlevel.gfcc.kurt[13].original,0.025231649091632766
lowlevel.gfcc.max[5].original,0.025231649091632766
lowlevel.gfcc.max[10].original,0.026251862458751496
lowlevel.gfcc.max[11].original,0.04411597737286268
lowlevel.gfcc.max[12].original,0.026251862458751496
lowlevel.gfcc.max[13].original,0.026251862458751496
lowlevel.gfcc.min[2].original,0.025231649091632766
lowlevel.gfcc.min[5].original,0.05005731211849899
lowlevel.gfcc.min[7].original,0.025231649091632766
lowlevel.gfcc.min[8].original,0.03407077264194602
lowlevel.gfcc.min[9].original,0.025231649091632766
lowlevel.gfcc.min[10].original,0.026251862458751496
lowlevel.gfcc.min[11].original,0.025231649091632766
lowlevel.gfcc.min[12].original,0.025231649091632766
lowlevel.gfcc.min[13].original,0.026251862458751496
lowlevel.gfcc.skew[4].original,0.06626933040509277
lowlevel.gfcc.skew[5].original,0.025231649091632766
lowlevel.gfcc.skew[6].original,0.025231649091632766
lowlevel.gfcc.skew[7].original,0.025231649091632766
lowlevel.gfcc.skew[8].original,0.026251862458751496
lowlevel.gfcc.skew[9].original,0.025231649091632766
lowlevel.gfcc.skew[10].original,0.025231649091632766
lowlevel.gfcc.skew[11].original,0.025231649091632766
lowlevel.gfcc.skew[12].original,0.025231649091632766
lowlevel.gfcc.skew[13].original,0.025231649091632766
lowlevel.gfcc.var[3].original,0.054636020599319685
lowlevel.gfcc.var[8].original,0.04335912952011526
lowlevel.gfcc.var[13].original,0.07815062084748975
lowlevel.melbands.kurt[1].original,0.025231649091632766
lowlevel.melbands.kurt[12].original,0.025231649091632766
lowlevel.melbands.max[14].original,0.025231649091632766
lowlevel.melbands.max[15].original,0.026251862458751496
lowlevel.melbands.skew[9].original,0.025231649091632766
lowlevel.melbands.skew[17].original,0.026251862458751496
lowlevel.melbands.skew[31].original,0.07123931651005022
lowlevel.melbands128.kurt[1].original,0.025231649091632766
lowlevel.melbands128.kurt[2].original,0.025231649091632766
lowlevel.melbands128.kurt[13].original,0.025231649091632766
lowlevel.melbands128.kurt[15].original,0.025231649091632766
lowlevel.melbands128.kurt[17].original,0.025231649091632766
lowlevel.melbands128.kurt[22].original,0.025231649091632766
lowlevel.melbands128.kurt[24].original,0.025231649091632766
lowlevel.melbands128.kurt[29].original,0.025231649091632766
lowlevel.melbands128.kurt[39].original,0.025231649091632766
lowlevel.melbands128.kurt[92].original,0.026251862458751496
lowlevel.melbands128.kurt[103].original,0.025231649091632766
lowlevel.melbands128.max[17].original,0.026251862458751496
lowlevel.melbands128.max[19].original,0.026251862458751496
lowlevel.melbands128.max[21].original,0.026251862458751496
lowlevel.melbands128.max[24].original,0.026251862458751496
lowlevel.melbands128.max[34].original,0.025231649091632766
lowlevel.melbands128.max[42].original,0.026251862458751496
lowlevel.melbands128.max[43].original,0.025231649091632766
lowlevel.melbands128.max[45].original,0.025231649091632766
lowlevel.melbands128.max[46].original,0.025231649091632766
lowlevel.melbands128.max[48].original,0.025231649091632766
lowlevel.melbands128.max[50].original,0.026251862458751496
lowlevel.melbands128.max[52].original,0.025231649091632766
lowlevel.melbands128.max[54].original,0.026251862458751496
lowlevel.melbands128.max[57].original,0.025231649091632766
lowlevel.melbands128.max[58].original,0.025231649091632766
lowlevel.melbands128.median[7].original,0.0426120441287108
lowlevel.melbands128.skew[12].original,0.025231649091632766
lowlevel.melbands128.skew[21].original,0.025231649091632766
lowlevel.melbands128.skew[26].original,0.025231649091632766
lowlevel.melbands128.skew[27].original,0.025231649091632766
lowlevel.melbands128.skew[35].original,0.025231649091632766
lowlevel.melbands128.skew[37].original,0.025231649091632766
lowlevel.melbands128.skew[38].original,0.026251862458751496
lowlevel.melbands128.skew[42].original,0.026251862458751496
lowlevel.melbands128.skew[45].original,0.030188915487759073
lowlevel.melbands128.skew[53].original,0.06077055130201803
lowlevel.melbands128.skew[54].original,0.04323112933346592
lowlevel.melbands128.skew[55].original,0.048848007950590695
lowlevel.melbands128.skew[56].original,0.047695409197344864
lowlevel.melbands128.skew[57].original,0.04890780927990131
lowlevel.melbands128.skew[58].original,0.04452070228845809
lowlevel.melbands128.skew[62].original,0.0544921895529686
lowlevel.melbands128.skew[64].original,0.060075172392963096
lowlevel.melbands128.skew[65].original,0.06783172667066073
lowlevel.melbands128.skew[66].original,0.07767432413765943
lowlevel.melbands128.skew[67].original,0.07076131674635429
lowlevel.melbands128.skew[74].original,0.0709644090518181
lowlevel.melbands128.skew[91].original,0.036570535866905514
lowlevel.melbands128.skew[119].original,0.026251862458751496
lowlevel.mfcc.kurt[3].original,0.025231649091632766
lowlevel.mfcc.kurt[4].original,0.025231649091632766
lowlevel.mfcc.kurt[5].original,0.025231649091632766
lowlevel.mfcc.kurt[6].original,0.025231649091632766
lowlevel.mfcc.kurt[7].original,0.025231649091632766
lowlevel.mfcc.kurt[8].original,0.025231649091632766
lowlevel.mfcc.kurt[9].original,0.025231649091632766
lowlevel.mfcc.kurt[10].original,0.025231649091632766
lowlevel.mfcc.kurt[11].original,0.025231649091632766
lowlevel.mfcc.kurt[12].original,0.025231649091632766
lowlevel.mfcc.kurt[13].original,0.025231649091632766
lowlevel.mfcc.max[3].original,0.047197953054534336
lowlevel.mfcc.max[7].original,0.025231649091632766
lowlevel.mfcc.max[9].original,0.025231649091632766
lowlevel.mfcc.max[10].original,0.025231649091632766
lowlevel.mfcc.max[11].original,0.026251862458751496
lowlevel.mfcc.max[12].original,0.025231649091632766
lowlevel.mfcc.max[13].original,0.04552965384930866
lowlevel.mfcc.mean[10].original,0.026251862458751496
lowlevel.mfcc.mean[11].original,0.025231649091632766
lowlevel.mfcc.mean[12].original,0.03248291522508532
lowlevel.mfcc.median[5].original,0.026251862458751496
lowlevel.mfcc.median[13].original,0.025231649091632766
lowlevel.mfcc.min[4].original,0.056648425486858146
lowlevel.mfcc.min[5].original,0.026251862458751496
lowlevel.mfcc.min[6].original,0.06162752459353379
lowlevel.mfcc.min[7].original,0.026251862458751496
lowlevel.mfcc.min[8].original,0.04721134403182466
lowlevel.mfcc.min[9].original,0.044001789272414056
lowlevel.mfcc.min[10].original,0.045771115650565956
lowlevel.mfcc.min[11].original,0.037063631313339805
lowlevel.mfcc.min[12].original,0.07563333327188845
lowlevel.mfcc.min[13].original,0.026251862458751496
lowlevel.mfcc.skew[3].original,0.025231649091632766
lowlevel.mfcc.skew[4].original,0.025231649091632766
lowlevel.mfcc.skew[5].original,0.025231649091632766
lowlevel.mfcc.skew[6].original,0.025231649091632766
lowlevel.mfcc.skew[7].original,0.025231649091632766
lowlevel.mfcc.skew[8].original,0.025231649091632766
lowlevel.mfcc.skew[9].original,0.025231649091632766
lowlevel.mfcc.skew[10].original,0.025231649091632766
lowlevel.mfcc.skew[11].original,0.025231649091632766
lowlevel.mfcc.skew[12].original,0.025231649091632766
lowlevel.mfcc.skew[13].original,0.025231649091632766
lowlevel.mfcc.var[6].original,0.05580644836881748
lowlevel.mfcc.var[9].original,0.05404987150815267
lowlevel.spectral_contrast_coeffs.kurt[1].original,0.025231649091632766
lowlevel.spectral_contrast_coeffs.kurt[2].original,0.027272075825870223
lowlevel.spectral_contrast_coeffs.kurt[3].original,0.026251862458751496
lowlevel.spectral_contrast_coeffs.kurt[4].original,0.03467386485869624
lowlevel.spectral_contrast_coeffs.kurt[5].original,0.0730088739501015
lowlevel.spectral_contrast_coeffs.kurt[6].original,0.025231649091632766
lowlevel.spectral_contrast_coeffs.max[3].original,0.08655353060134968
lowlevel.spectral_contrast_coeffs.min[1].original,0.025231649091632766
lowlevel.spectral_contrast_coeffs.min[2].original,0.025231649091632766
lowlevel.spectral_contrast_coeffs.min[3].original,0.025231649091632766
lowlevel.spectral_contrast_coeffs.min[4].original,0.025231649091632766
lowlevel.spectral_contrast_coeffs.min[5].original,0.025231649091632766
lowlevel.spectral_contrast_coeffs.min[6].original,0.025231649091632766
lowlevel.spectral_contrast_coeffs.skew[1].original,0.026251862458751496
lowlevel.spectral_contrast_coeffs.skew[3].original,0.026251862458751496
lowlevel.spectral_contrast_coeffs.skew[4].original,0.026251862458751496
lowlevel.spectral_contrast_coeffs.skew[5].original,0.04581812564992368
lowlevel.spectral_contrast_coeffs.var[5].original,0.11342012569590199
lowlevel.spectral_contrast_coeffs.var[6].original,0.026251862458751496
lowlevel.spectral_contrast_valleys.dvar2[6].original,0.026251862458751496
lowlevel.spectral_contrast_valleys.kurt[6].original,0.026251862458751496
lowlevel.spectral_contrast_valleys.max[2].original,0.026251862458751496
lowlevel.spectral_contrast_valleys.min[1].original,0.025231649091632766
lowlevel.spectral_contrast_valleys.min[2].original,0.025231649091632766
lowlevel.spectral_contrast_valleys.min[3].original,0.025231649091632766
lowlevel.spectral_contrast_valleys.min[4].original,0.025231649091632766
lowlevel.spectral_contrast_valleys.min[5].original,0.025231649091632766
lowlevel.spectral_contrast_valleys.min[6].original,0.025231649091632766
rhythm.beats_loudness_band_ratio.dvar[4].original,0.026251862458751496
rhythm.beats_loudness_band_ratio.kurt[1].original,0.025231649091632766
rhythm.beats_loudness_band_ratio.kurt[2].original,0.026251862458751496
rhythm.beats_loudness_band_ratio.kurt[3].original,0.026251862458751496
rhythm.beats_loudness_band_ratio.kurt[4].original,0.025231649091632766
rhythm.beats_loudness_band_ratio.kurt[5].original,0.026251862458751496
rhythm.beats_loudness_band_ratio.kurt[6].original,0.026251862458751496
rhythm.beats_loudness_band_ratio.max[6].original,0.026251862458751496
rhythm.beats_loudness_band_ratio.median[4].original,0.026251862458751496
rhythm.beats_loudness_band_ratio.min[1].original,0.026251862458751496
rhythm.beats_loudness_band_ratio.min[2].original,0.025231649091632766
rhythm.beats_loudness_band_ratio.min[3].original,0.025231649091632766
rhythm.beats_loudness_band_ratio.var[2].original,0.09862523483259047
tonal.chords_histogram[2].original,0.026251862458751496
tonal.chords_histogram[3].original,0.025231649091632766
tonal.chords_histogram[4].original,0.025231649091632766
tonal.chords_histogram[5].original,0.025231649091632766
tonal.chords_histogram[6].original,0.025231649091632766
tonal.chords_histogram[7].original,0.025231649091632766
tonal.chords_histogram[8].original,0.025231649091632766
tonal.chords_histogram[9].original,0.025231649091632766
tonal.chords_histogram[10].original,0.025231649091632766
tonal.chords_histogram[11].original,0.025231649091632766
tonal.chords_histogram[12].original,0.025231649091632766
tonal.chords_histogram[13].original,0.025231649091632766
tonal.chords_histogram[16].original,0.025231649091632766
tonal.chords_histogram[17].original,0.025231649091632766
tonal.chords_histogram[18].original,0.025231649091632766
tonal.chords_histogram[19].original,0.025231649091632766
tonal.chords_histogram[20].original,0.025231649091632766
tonal.chords_histogram[21].original,0.025231649091632766
tonal.chords_histogram[22].original,0.025231649091632766
tonal.chords_histogram[23].original,0.025231649091632766
tonal.chords_histogram[24].original,0.025231649091632766
tonal.hpcp.kurt[3].original,0.025231649091632766
tonal.hpcp.kurt[26].original,0.025231649091632766
tonal.hpcp.median[2].original,0.026251862458751496
tonal.hpcp.median[3].original,0.03173725323597436
tonal.hpcp.median[5].original,0.026251862458751496
tonal.hpcp.median[8].original,0.026251862458751496
tonal.hpcp.median[11].original,0.026251862458751496
tonal.hpcp.median[12].original,0.05692024088394272
tonal.hpcp.median[14].original,0.07391661110340009
tonal.hpcp.median[17].original,0.043889142267954574
tonal.hpcp.median[18].original,0.07360616621008993
tonal.hpcp.median[20].original,0.05136674556037115
tonal.hpcp.median[23].original,0.03359199489524875
tonal.hpcp.median[24].original,0.05915785780323911
tonal.hpcp.median[26].original,0.0408944592061267
tonal.hpcp.median[27].original,0.06510411777396347
tonal.hpcp.median[29].original,0.06746475402027392
tonal.hpcp.median[30].original,0.026251862458751496
tonal.hpcp.median[32].original,0.026251862458751496
tonal.hpcp.median[33].original,0.05651644894592338
tonal.hpcp.median[35].original,0.05033958878840284
tonal.hpcp.median[36].original,0.040428948676508286
tonal.thpcp[2].original,0.06629027406909431
tonal.thpcp[15].original,0.025231649091632766
tonal.thpcp[17].original,0.025231649091632766
tonal.thpcp[23].original,0.026251862458751496
tonal.thpcp[27].original,0.026251862458751496
tonal.thpcp[36].original,0.03696785873477138
tonal.chords_key.original,0.025231649091632766
tonal.chords_scale.original,0.026251862458751496
tonal.key_temperley.scale.original,0.02880740740740809
lowlevel.barkbands_crest.min.vocal,0.026251862458751496
lowlevel.barkbands_flatness_db.min.vocal,0.025231649091632766
lowlevel.barkbands_kurtosis.dvar.vocal,0.025231649091632766
lowlevel.barkbands_kurtosis.median.vocal,0.025231649091632766
lowlevel.barkbands_kurtosis.min.vocal,0.025231649091632766
lowlevel.barkbands_kurtosis.skew.vocal,0.025231649091632766
lowlevel.barkbands_skewness.dmean.vocal,0.026251862458751496
lowlevel.barkbands_skewness.kurt.vocal,0.025231649091632766
lowlevel.barkbands_spread.max.vocal,0.026251862458751496
lowlevel.barkbands_spread.skew.vocal,0.026251862458751496
lowlevel.barkbands_spread.var.vocal,0.025231649091632766
lowlevel.dissonance.kurt.vocal,0.025231649091632766
lowlevel.dissonance.mean.vocal,0.046609588727340216
lowlevel.dissonance.min.vocal,0.026251862458751496
lowlevel.erbbands_flatness_db.max.vocal,0.026251862458751496
lowlevel.erbbands_flatness_db.mean.vocal,0.07263661546438469
lowlevel.erbbands_flatness_db.min.vocal,0.026251862458751496
lowlevel.erbbands_kurtosis.min.vocal,0.025231649091632766
lowlevel.erbbands_kurtosis.skew.vocal,0.026251862458751496
lowlevel.erbbands_skewness.kurt.vocal,0.026251862458751496
lowlevel.erbbands_skewness.skew.vocal,0.026251862458751496
lowlevel.erbbands_spread.median.vocal,0.045841502927993584
lowlevel.erbbands_spread.min.vocal,0.025231649091632766
lowlevel.loudness_ebu128.momentary.kurt.vocal,0.025231649091632766
lowlevel.loudness_ebu128.momentary.min.vocal,0.03918336403463467
lowlevel.loudness_ebu128.short_term.kurt.vocal,0.025231649091632766
lowlevel.melbands_flatness_db.min.vocal,0.025231649091632766
lowlevel.melbands_kurtosis.min.vocal,0.025231649091632766
lowlevel.melbands_kurtosis.skew.vocal,0.025231649091632766
lowlevel.melbands_skewness.skew.vocal,0.026251862458751496
lowlevel.melbands_spread.dmean.vocal,0.049071558503747725
lowlevel.pitch_salience.kurt.vocal,0.026251862458751496
lowlevel.pitch_salience.max.vocal,0.026251862458751496
lowlevel.silence_rate_30dB.kurt.vocal,0.025231649091632766
lowlevel.silence_rate_30dB.min.vocal,0.026251862458751496
lowlevel.silence_rate_30dB.var.vocal,0.026251862458751496
lowlevel.silence_rate_60dB.kurt.vocal,0.025231649091632766
lowlevel.silence_rate_60dB.median.vocal,0.025231649091632766
lowlevel.spectral_centroid.min.vocal,0.06495483887069751
lowlevel.spectral_complexity.dvar.vocal,0.07254834955878157
lowlevel.spectral_energy.dmean2.vocal,0.06313024478317832
lowlevel.spectral_energyband_high.skew.vocal,0.025231649091632766
lowlevel.spectral_energyband_middle_high.dmean2.vocal,0.10741989121889167
lowlevel.spectral_energyband_middle_low.mean.vocal,0.03762225741675784
lowlevel.spectral_energyband_middle_low.median.vocal,0.026251862458751496
lowlevel.spectral_entropy.kurt.vocal,0.025231649091632766
lowlevel.spectral_entropy.min.vocal,0.026251862458751496
lowlevel.spectral_entropy.skew.vocal,0.026251862458751496
lowlevel.spectral_flux.kurt.vocal,0.025231649091632766
lowlevel.spectral_kurtosis.min.vocal,0.026251862458751496
lowlevel.spectral_kurtosis.var.vocal,0.025231649091632766
lowlevel.spectral_rolloff.kurt.vocal,0.025231649091632766
lowlevel.spectral_rolloff.min.vocal,0.026251862458751496
lowlevel.spectral_skewness.kurt.vocal,0.025231649091632766
lowlevel.spectral_skewness.min.vocal,0.026251862458751496
lowlevel.spectral_spread.min.vocal,0.025231649091632766
lowlevel.spectral_spread.skew.vocal,0.025231649091632766
lowlevel.spectral_strongpeak.dmean2.vocal,0.060883010115928976
lowlevel.spectral_strongpeak.kurt.vocal,0.025231649091632766
lowlevel.zerocrossingrate.median.vocal,0.026251862458751496
lowlevel.zerocrossingrate.min.vocal,0.0678044111344628
rhythm.beats_count.vocal,0.025231649091632766
tonal.chords_changes_rate.vocal,0.026251862458751496
tonal.chords_number_rate.vocal,0.026251862458751496
tonal.chords_strength.dvar2.vocal,0.025231649091632766
tonal.chords_strength.kurt.vocal,0.025231649091632766
tonal.chords_strength.max.vocal,0.026251862458751496
tonal.chords_strength.min.vocal,0.025231649091632766
tonal.hpcp_crest.kurt.vocal,0.036778882897219194
tonal.hpcp_crest.var.vocal,0.026251862458751496
tonal.hpcp_entropy.kurt.vocal,0.025231649091632766
tonal.hpcp_entropy.var.vocal,0.025231649091632766
tonal.key_temperley.strength.vocal,0.052534327564392844
tonal.tuning_equal_tempered_deviation.vocal,0.04348562453124704
tonal.tuning_frequency.vocal,0.025231649091632766
lowlevel.barkbands.dmean2[9].vocal,0.038033747782994266
lowlevel.barkbands.dmean2[11].vocal,0.026251862458751496
lowlevel.barkbands.dmean2[13].vocal,0.05598198510063759
lowlevel.barkbands.dmean2[14].vocal,0.026251862458751496
lowlevel.barkbands.max[18].vocal,0.025231649091632766
lowlevel.barkbands.mean[5].vocal,0.026251862458751496
lowlevel.erbbands.dmean[19].vocal,0.06501706969738014
lowlevel.erbbands.dmean[23].vocal,0.03152382643361631
lowlevel.erbbands.dmean2[5].vocal,0.025231649091632766
lowlevel.erbbands.dmean2[11].vocal,0.026251862458751496
lowlevel.erbbands.dmean2[13].vocal,0.035956364300464005
lowlevel.erbbands.dmean2[16].vocal,0.05267170356373203
lowlevel.erbbands.dmean2[20].vocal,0.04633817301163546
lowlevel.erbbands.dvar[16].vocal,0.025231649091632766
lowlevel.erbbands.dvar[19].vocal,0.025231649091632766
lowlevel.erbbands.dvar2[3].vocal,0.025231649091632766
lowlevel.erbbands.dvar2[9].vocal,0.025231649091632766
lowlevel.erbbands.dvar2[12].vocal,0.025231649091632766
lowlevel.erbbands.dvar2[13].vocal,0.025231649091632766
lowlevel.erbbands.dvar2[23].vocal,0.025231649091632766
lowlevel.erbbands.dvar2[24].vocal,0.025231649091632766
lowlevel.erbbands.dvar2[25].vocal,0.025231649091632766
lowlevel.erbbands.dvar2[29].vocal,0.025231649091632766
lowlevel.erbbands.dvar2[32].vocal,0.025231649091632766
lowlevel.erbbands.kurt[13].vocal,0.025231649091632766
lowlevel.erbbands.kurt[14].vocal,0.025231649091632766
lowlevel.erbbands.kurt[15].vocal,0.025231649091632766
lowlevel.erbbands.kurt[16].vocal,0.025231649091632766
lowlevel.erbbands.max[1].vocal,0.025231649091632766
lowlevel.erbbands.max[38].vocal,0.025231649091632766
lowlevel.erbbands.mean[4].vocal,0.025231649091632766
lowlevel.erbbands.mean[8].vocal,0.025231649091632766
lowlevel.erbbands.mean[9].vocal,0.025231649091632766
lowlevel.erbbands.mean[28].vocal,0.025231649091632766
lowlevel.erbbands.median[4].vocal,0.025231649091632766
lowlevel.erbbands.median[5].vocal,0.025231649091632766
lowlevel.erbbands.median[7].vocal,0.025231649091632766
lowlevel.erbbands.median[8].vocal,0.025231649091632766
lowlevel.erbbands.median[9].vocal,0.025231649091632766
lowlevel.erbbands.median[17].vocal,0.025231649091632766
lowlevel.erbbands.median[20].vocal,0.026251862458751496
lowlevel.erbbands.median[26].vocal,0.026251862458751496
lowlevel.erbbands.median[28].vocal,0.025231649091632766
lowlevel.erbbands.median[31].vocal,0.025231649091632766
lowlevel.erbbands.median[32].vocal,0.025231649091632766
lowlevel.erbbands.median[34].vocal,0.025231649091632766
lowlevel.erbbands.skew[1].vocal,0.026251862458751496
lowlevel.erbbands.skew[37].vocal,0.026251862458751496
lowlevel.erbbands.var[6].vocal,0.025231649091632766
lowlevel.erbbands.var[10].vocal,0.025231649091632766
lowlevel.erbbands.var[16].vocal,0.025231649091632766
lowlevel.erbbands.var[31].vocal,0.025231649091632766
lowlevel.gfcc.dvar[8].vocal,0.10631575816630545
lowlevel.gfcc.kurt[1].vocal,0.026251862458751496
lowlevel.gfcc.kurt[2].vocal,0.026251862458751496
lowlevel.gfcc.kurt[4].vocal,0.026251862458751496
lowlevel.gfcc.kurt[5].vocal,0.026251862458751496
lowlevel.gfcc.kurt[6].vocal,0.026251862458751496
lowlevel.gfcc.kurt[7].vocal,0.025231649091632766
lowlevel.gfcc.kurt[8].vocal,0.025231649091632766
lowlevel.gfcc.kurt[9].vocal,0.025231649091632766
lowlevel.gfcc.kurt[10].vocal,0.025231649091632766
lowlevel.gfcc.kurt[11].vocal,0.025231649091632766
lowlevel.gfcc.kurt[12].vocal,0.026251862458751496
lowlevel.gfcc.kurt[13].vocal,0.025231649091632766
lowlevel.gfcc.max[3].vocal,0.026251862458751496
lowlevel.gfcc.max[5].vocal,0.025231649091632766
lowlevel.gfcc.max[7].vocal,0.026251862458751496
lowlevel.gfcc.max[8].vocal,0.026251862458751496
lowlevel.gfcc.max[9].vocal,0.06907699694460466
lowlevel.gfcc.max[10].vocal,0.026251862458751496
lowlevel.gfcc.max[11].vocal,0.026251862458751496
lowlevel.gfcc.max[12].vocal,0.026251862458751496
lowlevel.gfcc.max[13].vocal,0.025231649091632766
lowlevel.gfcc.median[6].vocal,0.04716951345843162
lowlevel.gfcc.min[2].vocal,0.03558181058266043
lowlevel.gfcc.min[3].vocal,0.06233059251109645
lowlevel.gfcc.min[5].vocal,0.026251862458751496
lowlevel.gfcc.min[7].vocal,0.03836132567521004
lowlevel.gfcc.skew[9].vocal,0.026251862458751496
lowlevel.gfcc.skew[11].vocal,0.026251862458751496
lowlevel.gfcc.skew[13].vocal,0.025231649091632766
lowlevel.gfcc.var[3].vocal,0.025231649091632766
lowlevel.gfcc.var[5].vocal,0.026251862458751496
lowlevel.gfcc.var[6].vocal,0.026251862458751496
lowlevel.gfcc.var[7].vocal,0.0398904181247173
lowlevel.gfcc.var[8].vocal,0.026251862458751496
lowlevel.gfcc.var[9].vocal,0.026251862458751496
lowlevel.gfcc.var[10].vocal,0.026251862458751496
lowlevel.gfcc.var[11].vocal,0.026251862458751496
lowlevel.gfcc.var[12].vocal,0.025231649091632766
lowlevel.gfcc.var[13].vocal,0.025231649091632766
lowlevel.melbands.kurt[22].vocal,0.025231649091632766
lowlevel.melbands.kurt[27].vocal,0.026251862458751496
lowlevel.melbands.kurt[29].vocal,0.025231649091632766
lowlevel.melbands128.kurt[1].vocal,0.025231649091632766
lowlevel.melbands128.kurt[5].vocal,0.025231649091632766
lowlevel.melbands128.kurt[10].vocal,0.041502433222602
lowlevel.melbands128.kurt[35].vocal,0.025231649091632766
lowlevel.melbands128.kurt[40].vocal,0.025231649091632766
lowlevel.melbands128.kurt[44].vocal,0.025231649091632766
lowlevel.melbands128.kurt[45].vocal,0.025231649091632766
lowlevel.melbands128.kurt[46].vocal,0.025231649091632766
lowlevel.melbands128.kurt[48].vocal,0.025231649091632766
lowlevel.melbands128.kurt[53].vocal,0.025231649091632766
lowlevel.melbands128.kurt[54].vocal,0.025231649091632766
lowlevel.melbands128.kurt[61].vocal,0.025231649091632766
lowlevel.melbands128.kurt[63].vocal,0.025231649091632766
lowlevel.melbands128.kurt[75].vocal,0.025231649091632766
lowlevel.melbands128.kurt[76].vocal,0.025231649091632766
lowlevel.melbands128.kurt[82].vocal,0.025231649091632766
lowlevel.melbands128.kurt[94].vocal,0.025231649091632766
lowlevel.melbands128.kurt[95].vocal,0.025231649091632766
lowlevel.melbands128.kurt[103].vocal,0.025231649091632766
lowlevel.melbands128.kurt[104].vocal,0.025231649091632766
lowlevel.melbands128.kurt[105].vocal,0.025231649091632766
lowlevel.melbands128.max[9].vocal,0.025231649091632766
lowlevel.melbands128.max[18].vocal,0.025231649091632766
lowlevel.melbands128.max[59].vocal,0.025231649091632766
lowlevel.melbands128.skew[4].vocal,0.025231649091632766
lowlevel.melbands128.skew[18].vocal,0.031034650889495363
lowlevel.melbands128.skew[19].vocal,0.036432607084585504
lowlevel.melbands128.skew[20].vocal,0.026251862458751496
lowlevel.melbands128.skew[22].vocal,0.026251862458751496
lowlevel.melbands128.skew[26].vocal,0.025231649091632766
lowlevel.melbands128.skew[29].vocal,0.025231649091632766
lowlevel.melbands128.skew[38].vocal,0.025231649091632766
lowlevel.melbands128.skew[39].vocal,0.025231649091632766
lowlevel.melbands128.skew[42].vocal,0.026251862458751496
lowlevel.melbands128.skew[49].vocal,0.025231649091632766
lowlevel.melbands128.skew[50].vocal,0.025231649091632766
lowlevel.melbands128.skew[51].vocal,0.025231649091632766
lowlevel.melbands128.skew[55].vocal,0.026251862458751496
lowlevel.melbands128.skew[84].vocal,0.025231649091632766
lowlevel.melbands128.skew[86].vocal,0.025231649091632766
lowlevel.mfcc.kurt[1].vocal,0.026251862458751496
lowlevel.mfcc.kurt[2].vocal,0.026251862458751496
lowlevel.mfcc.kurt[3].vocal,0.025231649091632766
lowlevel.mfcc.kurt[4].vocal,0.026251862458751496
lowlevel.mfcc.kurt[7].vocal,0.025231649091632766
lowlevel.mfcc.max[4].vocal,0.026251862458751496
lowlevel.mfcc.max[5].vocal,0.026251862458751496
lowlevel.mfcc.max[6].vocal,0.026251862458751496
lowlevel.mfcc.max[7].vocal,0.026251862458751496
lowlevel.mfcc.max[8].vocal,0.04155809528727666
lowlevel.mfcc.max[9].vocal,0.0410664234062012
lowlevel.mfcc.max[10].vocal,0.039879596187977345
lowlevel.mfcc.max[11].vocal,0.026251862458751496
lowlevel.mfcc.max[12].vocal,0.0501637130394964
lowlevel.mfcc.max[13].vocal,0.026251862458751496
lowlevel.mfcc.median[13].vocal,0.026251862458751496
lowlevel.mfcc.min[4].vocal,0.07831842160168537
lowlevel.mfcc.min[7].vocal,0.05585974285520191
lowlevel.mfcc.var[1].vocal,0.03816005359585719
lowlevel.mfcc.var[3].vocal,0.03656721280621713
lowlevel.mfcc.var[4].vocal,0.044245957712338295
lowlevel.mfcc.var[5].vocal,0.026251862458751496
lowlevel.mfcc.var[6].vocal,0.026251862458751496
lowlevel.mfcc.var[7].vocal,0.026251862458751496
lowlevel.mfcc.var[8].vocal,0.05991042171019925
lowlevel.mfcc.var[9].vocal,0.026251862458751496
lowlevel.mfcc.var[10].vocal,0.026251862458751496
lowlevel.mfcc.var[11].vocal,0.026251862458751496
lowlevel.mfcc.var[12].vocal,0.026251862458751496
lowlevel.spectral_contrast_coeffs.dvar2[1].vocal,0.08499774830069795
lowlevel.spectral_contrast_coeffs.dvar2[6].vocal,0.026251862458751496
lowlevel.spectral_contrast_coeffs.kurt[4].vocal,0.025231649091632766
lowlevel.spectral_contrast_coeffs.kurt[6].vocal,0.025231649091632766
lowlevel.spectral_contrast_coeffs.max[4].vocal,0.026251862458751496
lowlevel.spectral_contrast_coeffs.median[6].vocal,0.05029791210248585
lowlevel.spectral_contrast_coeffs.min[1].vocal,0.025231649091632766
lowlevel.spectral_contrast_coeffs.min[3].vocal,0.03452973791960701
lowlevel.spectral_contrast_coeffs.skew[6].vocal,0.026251862458751496
lowlevel.spectral_contrast_coeffs.var[1].vocal,0.0660973053340702
lowlevel.spectral_contrast_coeffs.var[2].vocal,0.026251862458751496
lowlevel.spectral_contrast_coeffs.var[4].vocal,0.026251862458751496
lowlevel.spectral_contrast_coeffs.var[5].vocal,0.026251862458751496
lowlevel.spectral_contrast_coeffs.var[6].vocal,0.026251862458751496
lowlevel.spectral_contrast_valleys.dmean2[1].vocal,0.026251862458751496
lowlevel.spectral_contrast_valleys.kurt[6].vocal,0.025231649091632766
lowlevel.spectral_contrast_valleys.max[1].vocal,0.04320624198315862
lowlevel.spectral_contrast_valleys.var[1].vocal,0.026251862458751496
rhythm.beats_loudness_band_ratio.dmean[5].vocal,0.06112558996811635
rhythm.beats_loudness_band_ratio.dvar2[3].vocal,0.026251862458751496
rhythm.beats_loudness_band_ratio.dvar2[4].vocal,0.05416880987952847
rhythm.beats_loudness_band_ratio.kurt[1].vocal,0.058118915197557935
rhythm.beats_loudness_band_ratio.kurt[2].vocal,0.06102158655172066
rhythm.beats_loudness_band_ratio.kurt[3].vocal,0.025231649091632766
rhythm.beats_loudness_band_ratio.kurt[4].vocal,0.025231649091632766
rhythm.beats_loudness_band_ratio.kurt[5].vocal,0.025231649091632766
rhythm.beats_loudness_band_ratio.kurt[6].vocal,0.025231649091632766
rhythm.beats_loudness_band_ratio.median[2].vocal,0.030771649330292635
rhythm.beats_loudness_band_ratio.median[4].vocal,0.026251862458751496
rhythm.beats_loudness_band_ratio.median[6].vocal,0.026251862458751496
rhythm.beats_loudness_band_ratio.var[1].vocal,0.052539030270061175
rhythm.beats_loudness_band_ratio.var[6].vocal,0.026251862458751496
tonal.chords_histogram[1].vocal,0.025231649091632766
tonal.chords_histogram[2].vocal,0.025231649091632766
tonal.chords_histogram[3].vocal,0.025231649091632766
tonal.chords_histogram[4].vocal,0.025231649091632766
tonal.chords_histogram[5].vocal,0.025231649091632766
tonal.chords_histogram[6].vocal,0.025231649091632766
tonal.chords_histogram[7].vocal,0.025231649091632766
tonal.chords_histogram[8].vocal,0.025231649091632766
tonal.chords_histogram[9].vocal,0.025231649091632766
tonal.chords_histogram[10].vocal,0.025231649091632766
tonal.chords_histogram[11].vocal,0.025231649091632766
tonal.chords_histogram[12].vocal,0.025231649091632766
tonal.chords_histogram[13].vocal,0.026251862458751496
tonal.chords_histogram[14].vocal,0.025231649091632766
tonal.chords_histogram[15].vocal,0.025231649091632766
tonal.chords_histogram[16].vocal,0.025231649091632766
tonal.chords_histogram[17].vocal,0.025231649091632766
tonal.chords_histogram[18].vocal,0.025231649091632766
tonal.chords_histogram[19].vocal,0.025231649091632766
tonal.chords_histogram[20].vocal,0.025231649091632766
tonal.chords_histogram[21].vocal,0.025231649091632766
tonal.chords_histogram[22].vocal,0.025231649091632766
tonal.chords_histogram[23].vocal,0.025231649091632766
tonal.chords_histogram[24].vocal,0.025231649091632766
tonal.hpcp.dmean[5].vocal,0.026251862458751496
tonal.hpcp.dmean[23].vocal,0.05864293740045248
tonal.hpcp.dmean[27].vocal,0.0579051255621503
tonal.hpcp.kurt[5].vocal,0.025231649091632766
tonal.hpcp.kurt[7].vocal,0.025231649091632766
tonal.hpcp.kurt[11].vocal,0.025231649091632766
tonal.hpcp.kurt[13].vocal,0.025231649091632766
tonal.hpcp.kurt[23].vocal,0.026251862458751496
tonal.hpcp.kurt[24].vocal,0.025231649091632766
tonal.hpcp.kurt[25].vocal,0.025231649091632766
tonal.hpcp.kurt[26].vocal,0.026251862458751496
tonal.hpcp.kurt[31].vocal,0.025231649091632766
tonal.hpcp.kurt[33].vocal,0.025231649091632766
tonal.hpcp.median[21].vocal,0.026251862458751496
tonal.hpcp.skew[21].vocal,0.026251862458751496
tonal.thpcp[4].vocal,0.04727453166555634
tonal.thpcp[12].vocal,0.026251862458751496
tonal.thpcp[19].vocal,0.035174369540893154
tonal.thpcp[26].vocal,0.026251862458751496
tonal.thpcp[29].vocal,0.026251862458751496
tonal.thpcp[34].vocal,0.0558506278969073
tonal.chords_key.vocal,0.025231649091632766
tonal.chords_scale.vocal,0.025231649091632766
tonal.key_edma.key.vocal,0.025231649091632766
tonal.key_edma.scale.vocal,0.025231649091632766
